gamma_base,alpha,beta_time,mu_log_time,sigma_log_time
0.255243,0.671547,0.82145,5.94318,1.00638
0.258614,0.674302,0.981597,5.96015,1.00599
0.248171,0.666613,0.914109,5.9206,1.00601
0.255872,0.668052,0.943257,5.93914,0.989656
0.253904,0.664958,0.861197,5.94195,1.01498
0.252048,0.659291,0.949532,5.95084,1.00653
0.247128,0.675307,0.978539,5.92442,1.00993
0.262283,0.682906,0.958325,5.91645,1.02623
0.254359,0.673208,0.95484,5.91559,1.0006
0.258848,0.669666,0.858895,5.92572,1.0091
0.236725,0.673167,0.918478,5.94527,0.995569
0.249509,0.670308,0.999434,5.92826,1.01037
0.262635,0.675251,0.986782,5.93009,1.00249
0.267733,0.671166,1.02965,5.95433,1.00322
0.251471,0.671941,0.871649,5.92939,1.00133
0.256052,0.663442,0.902535,5.92358,1.00065
0.260827,0.667041,1.01038,5.92767,1.00447
0.256301,0.670973,0.995792,5.93449,1.00836
0.245556,0.685955,0.90749,5.93421,1.00341
0.255333,0.689607,0.918532,5.92584,1.00156
0.25953,0.673987,0.921116,5.93541,1.01236
0.251983,0.680965,0.934949,5.91727,1.00599
0.256777,0.672791,0.948909,5.93244,1.03334
0.249373,0.663408,0.9267,5.91815,1.02778
0.251769,0.664723,0.949632,5.92067,1.02065
0.247808,0.675252,0.893258,5.93863,0.998328
0.254741,0.658227,0.94078,5.93189,1.01017
0.255076,0.682135,0.932036,5.91156,1.01041
0.244975,0.67142,0.950478,5.90898,1.0055
0.259499,0.678925,0.859549,5.93413,1.00819
0.255026,0.662625,0.897377,5.93054,1.01125
0.257779,0.669447,0.999568,5.93283,0.996905
0.246061,0.667557,0.869604,5.94512,1.00923
0.260483,0.647834,0.921943,5.92863,1.01143
0.256717,0.652976,0.973584,5.93258,0.998817
0.254351,0.650742,0.906907,5.93747,0.998272
0.261744,0.674197,0.906469,5.93835,1.00073
0.26601,0.656741,0.965244,5.93267,0.996953
0.253886,0.674979,0.94522,5.89813,1.01295
0.255364,0.663128,0.87203,5.93844,1.00077
0.251349,0.671906,0.920263,5.91794,0.998153
0.253913,0.673181,0.94076,5.9312,0.995291
0.256561,0.667424,1.0271,5.9417,1.00984
0.242784,0.661491,0.987512,5.93081,0.989936
0.264962,0.660388,0.908817,5.92004,1.00623
0.246127,0.676763,0.936258,5.91991,1.02949
0.254518,0.660522,0.988371,5.93602,1.00062
0.263864,0.684416,0.899723,5.91655,1.00808
0.244812,0.670304,0.977028,5.93652,1.02442
0.256071,0.676865,0.876397,5.94158,0.996475
0.259461,0.673361,0.880349,5.91862,1.0117
0.262055,0.662135,0.950238,5.92975,1.00317
0.265872,0.672934,0.886533,5.93819,0.990457
0.259918,0.663025,0.98502,5.93835,1.01572
0.264131,0.676964,0.892384,5.93848,0.990423
0.256029,0.667459,0.916215,5.91549,1.0055
0.250587,0.66982,0.993562,5.92419,1.0065
0.250736,0.675461,0.876571,5.93476,1.00104
0.254891,0.668441,0.880848,5.92746,0.993044
0.262314,0.681515,1.01359,5.93149,1.01392
0.256568,0.669771,0.916812,5.92286,1.00174
0.260164,0.665225,0.895409,5.9146,0.993144
0.244287,0.667385,0.966486,5.93483,1.01369
0.25503,0.671825,0.883377,5.9351,1.00445
0.249908,0.675455,0.926192,5.93879,1.00477
0.257597,0.669553,0.932158,5.92831,1.00198
0.238234,0.661449,0.988157,5.94287,1.01857
0.249424,0.66702,1.07382,5.93104,1.00592
0.249912,0.679358,0.977017,5.92522,1.00836
0.256149,0.681459,0.860448,5.94788,0.997669
0.260238,0.682706,0.921074,5.92221,1.00938
0.247811,0.672259,0.945792,5.93384,1.00434
0.250368,0.671682,0.970894,5.91541,1.0028
0.256921,0.670517,0.858911,5.91947,1.01192
0.256013,0.683163,1.02574,5.91628,1.01431
0.257183,0.681394,0.978692,5.92796,0.999791
0.264229,0.671829,0.94857,5.93085,0.993735
0.249903,0.682997,0.99148,5.9357,1.00907
0.260142,0.680977,0.933237,5.93916,1.0012
0.263924,0.67999,0.98445,5.91067,1.00084
0.247223,0.687771,0.870896,5.92368,0.997137
0.244949,0.680166,0.967298,5.92347,0.999717
0.255149,0.695061,0.947235,5.94267,1.00982
0.249886,0.661463,0.961138,5.9526,1.01111
0.251448,0.668498,1.04719,5.92898,0.997844
0.257064,0.682774,0.917645,5.93602,1.00719
0.254058,0.670712,0.965034,5.92439,1.00516
0.259982,0.674518,0.838668,5.92012,1.0085
0.265085,0.695672,0.91486,5.91739,1.00705
0.259074,0.665176,0.892084,5.92425,0.991365
0.267801,0.665029,0.9107,5.92239,1.00496
0.255319,0.680959,0.957443,5.94325,1.00153
0.245246,0.662399,0.843438,5.92142,1.01301
0.258904,0.681041,0.969928,5.92361,1.00169
0.260686,0.666029,0.916015,5.92792,1.00471
0.259895,0.654499,0.970123,5.92671,0.99107
0.261059,0.658489,0.973795,5.93007,1.00359
0.255033,0.672045,0.911757,5.93785,1.00731
0.248483,0.67538,0.944957,5.90974,0.997202
0.253489,0.670174,1.03996,5.93804,1.01067
0.255454,0.6939,0.963753,5.9108,1.00425
0.261919,0.675054,0.888424,5.94753,0.993917
0.240786,0.663018,1.00001,5.91627,1.00396
0.256433,0.68195,0.955876,5.93623,1.00793
0.264323,0.665066,0.978514,5.92776,1.01722
0.258242,0.66978,0.894981,5.92803,1.00894
0.265828,0.655179,0.961374,5.94111,1.0234
0.259479,0.69405,0.956879,5.94208,1.00615
0.253423,0.662763,0.953432,5.93871,1.01085
0.25078,0.663203,0.951215,5.92057,1.01395
0.256628,0.682527,0.942225,5.93702,1.00426
0.264575,0.678813,0.913736,5.9404,1.00629
0.251438,0.682596,1.0304,5.95241,1.01103
0.251553,0.675239,0.829552,5.9394,1.00839
0.246821,0.676303,0.928121,5.92638,1.00272
0.254193,0.66357,0.851707,5.93152,1.00248
0.252239,0.658931,0.886384,5.94199,0.99882
0.255411,0.692415,0.932659,5.92938,1.01851
0.262384,0.698012,0.900377,5.936,1.01726
0.250635,0.674813,0.976674,5.93409,1.00248
0.262684,0.67781,0.916188,5.93978,1.00648
0.254188,0.659442,0.933735,5.93989,1.01267
0.265867,0.669932,0.917316,5.92181,1.00138
0.251024,0.666765,0.864973,5.94439,0.994663
0.24797,0.676357,0.948167,5.92715,0.991727
0.273345,0.668548,1.04474,5.92688,1.00525
0.258209,0.66001,0.911671,5.94236,0.999509
0.252539,0.678557,0.798396,5.93227,1.00177
0.248508,0.658273,1.00466,5.90953,1.00975
0.247815,0.66931,0.955817,5.93553,1.00021
0.250888,0.652132,0.962433,5.92844,0.999672
0.242311,0.662927,0.935337,5.94716,1.01077
0.240927,0.678683,1.03044,5.92586,1.01251
0.257577,0.678429,1.01724,5.94253,1.00557
0.252011,0.682475,0.95736,5.92721,1.00511
0.266474,0.658246,0.837711,5.92716,1.00849
0.256537,0.668049,0.918323,5.93928,1.0188
0.265303,0.683407,0.916716,5.93434,1.00222
0.254649,0.673625,0.967543,5.95145,1.00164
0.25111,0.662272,0.868617,5.93871,0.999308
0.256309,0.669985,0.922251,5.94773,1.01434
0.254943,0.660291,0.981005,5.91549,1.00846
0.253711,0.665397,0.900669,5.92339,1.00984
0.258892,0.665989,0.918979,5.94598,1.01722
0.25773,0.665617,0.985356,5.94416,1.00057
0.247046,0.658299,0.93593,5.90602,0.999861
0.25995,0.683308,1.00058,5.92298,0.997186
0.247908,0.694882,0.941782,5.93331,1.00729
0.260402,0.661131,0.89616,5.93261,0.998385
0.248631,0.670658,0.963578,5.92645,0.991847
0.255686,0.669254,0.910448,5.91951,1.00628
0.26321,0.655171,0.956391,5.93324,0.994777
0.261734,0.661251,1.02233,5.9383,1.00034
0.251981,0.66225,0.977046,5.92572,1.00953
0.2559,0.677071,0.976945,5.93139,0.996625
0.267723,0.678559,0.865699,5.9469,0.99975
0.256603,0.671807,0.921785,5.93477,1.00178
0.242374,0.663027,0.854138,5.92399,1.00684
0.261081,0.685427,1.03477,5.92721,1.0059
0.268029,0.660184,0.917444,5.93174,1.00442
0.258474,0.657166,0.920421,5.94434,0.999439
0.249907,0.667988,0.906487,5.93067,0.989384
0.254393,0.677102,1.03719,5.92674,1.003
0.254091,0.660728,0.977938,5.94822,1.00191
0.256152,0.704191,0.877059,5.92395,0.997685
0.244863,0.671918,0.958993,5.93015,0.999672
0.257007,0.671439,0.999898,5.91119,0.997154
0.267621,0.698628,0.979088,5.9436,1.01979
0.253595,0.678927,0.865269,5.93061,1.00285
0.245507,0.677306,0.95595,5.91419,1.0014
0.251659,0.654288,0.939353,5.91878,1.01642
0.251954,0.682264,0.97944,5.93897,1.00351
0.255767,0.668609,0.868487,5.93416,0.995892
0.244031,0.663129,1.0152,5.93412,1.00231
0.253771,0.656876,1.11136,5.93238,1.00016
0.249335,0.68174,0.911891,5.91869,1.00852
0.254547,0.689509,0.934894,5.9422,1.0006
0.251373,0.664436,0.999236,5.91595,0.998756
0.253026,0.67903,0.95164,5.92108,0.992127
0.258441,0.668608,0.997448,5.93671,0.998102
0.253313,0.684033,0.860737,5.94005,1.00868
0.245189,0.671684,0.991112,5.92488,1.01369
0.265638,0.679153,0.912007,5.91178,1.01816
0.252723,0.684434,0.902902,5.91878,0.996999
0.246009,0.690195,0.938783,5.92293,1.01406
0.261832,0.676555,0.912495,5.9163,1.00869
0.264727,0.672502,0.942129,5.92663,1.00137
0.246263,0.660554,0.961851,5.92239,1.00901
0.264781,0.671049,0.879909,5.93075,1.00235
0.252609,0.679232,0.849613,5.94123,1.00782
0.257908,0.67423,0.866916,5.94096,0.999509
0.243466,0.682996,0.876959,5.92843,1.00207
0.23176,0.674026,0.876571,5.94242,1.00612
0.262624,0.685017,0.9629,5.92973,0.99287
0.247934,0.695117,0.933631,5.93098,0.995554
0.24975,0.670514,0.861414,5.93881,1.00057
0.251419,0.674374,0.855834,5.93302,1.00631
0.251888,0.66809,0.879967,5.94228,1.00591
0.246173,0.660629,0.886087,5.93418,0.991443
0.255917,0.661114,0.871395,5.93134,1.0202
0.249081,0.669558,0.902428,5.92104,1.00776
0.25711,0.665815,0.858637,5.91894,1.00716
0.25472,0.700507,0.970714,5.9397,1.00387
0.263487,0.677864,0.942634,5.93084,0.999641
0.243604,0.668899,0.949043,5.93628,1.00739
0.262857,0.680652,0.885115,5.92984,1.01723
0.259367,0.659785,0.963115,5.93317,1.01416
0.25578,0.66039,0.918478,5.91092,1.00018
0.247856,0.680638,0.955002,5.9252,1.01506
0.2409,0.660967,1.02049,5.9433,1.00324
0.267321,0.672351,0.99729,5.92725,1.00684
0.257712,0.687698,0.902607,5.91994,1.00944
0.243437,0.682966,0.945908,5.92466,1.0043
0.255521,0.679174,0.862955,5.92495,1.01127
0.264518,0.663103,0.99318,5.93738,1.00065
0.25637,0.672062,0.900402,5.9306,0.999309
0.253638,0.661816,0.962996,5.9426,1.02249
0.260706,0.664349,0.920768,5.91817,0.99726
0.26765,0.673359,0.882126,5.93072,1.00767
0.262252,0.653925,0.990357,5.91914,1.00927
0.264889,0.675778,0.896144,5.93052,1.01296
0.255778,0.670783,0.956168,5.91988,1.01137
0.251229,0.668835,0.901866,5.93063,1.02171
0.264901,0.671116,0.944146,5.91338,1.00342
0.259056,0.676094,0.935392,5.92519,1.0102
0.256861,0.655857,0.920016,5.92951,0.999711
0.251777,0.664761,0.946702,5.90768,1.0055
0.265903,0.67667,0.839514,5.91179,1.00299
0.25252,0.679999,0.940953,5.94962,1.00079
0.244409,0.687257,0.987044,5.9302,1.02066
0.252912,0.669646,0.97816,5.91082,0.99551
0.25451,0.679139,0.99895,5.91885,1.00278
0.257146,0.680838,0.933332,5.92069,1.01622
0.267057,0.669197,0.905872,5.92269,1.01482
0.256129,0.678423,1.07035,5.92935,0.998854
0.251196,0.674096,0.907655,5.91865,1.00835
0.261398,0.66415,0.954029,5.93557,0.99677
0.242311,0.68458,0.902386,5.93233,1.01085
0.253454,0.681856,0.876128,5.95081,1.00242
0.233895,0.668878,0.954346,5.91843,1.00456
0.250352,0.666856,0.957133,5.94032,1.00551
0.258354,0.676727,0.983492,5.92754,1.01562
0.264123,0.662537,0.948336,5.92831,1.00344
0.246347,0.687339,0.957233,5.9307,1.00967
0.266897,0.674949,0.978398,5.93165,1.01563
0.263084,0.661185,0.883116,5.94343,1.01095
0.256672,0.658353,0.947764,5.93386,0.996618
0.254029,0.68235,0.949274,5.91997,1.01899
0.246369,0.659983,0.938561,5.92363,1.00034
0.259725,0.664839,0.939048,5.93354,1.00005
0.240725,0.68362,1.01109,5.91639,0.998477
0.257735,0.665513,0.908678,5.94881,1.01342
0.251836,0.662124,1.03169,5.94151,1.01469
0.238677,0.654379,0.9217,5.92735,1.00056
0.259929,0.663896,1.0363,5.93752,1.00001
0.263209,0.669498,1.0363,5.93892,1.00608
0.253958,0.667849,0.973622,5.92176,1.01131
0.263793,0.681891,0.902749,5.92983,1.0153
0.252445,0.664281,0.93423,5.91641,1.00276
0.248464,0.67826,0.866036,5.93031,1.00156
0.25286,0.682878,0.947158,5.92369,0.996794
0.256759,0.680166,0.91371,5.90377,0.998506
0.246322,0.672159,0.894604,5.93501,0.998689
0.249683,0.682359,0.918141,5.92599,1.01204
0.250478,0.672372,0.910367,5.93074,1.02234
0.24229,0.657935,0.956393,5.93195,0.995114
0.246002,0.689745,0.857639,5.93245,1.00589
0.247956,0.667787,0.906689,5.92857,1.01188
0.256424,0.66335,0.966682,5.91766,1.00907
0.258796,0.678403,0.917574,5.93195,1.02045
0.243883,0.668913,0.954789,5.93867,1.00405
0.246901,0.682521,0.903926,5.9175,1.01619
0.25048,0.687876,0.89491,5.93421,0.990156
0.264649,0.667331,0.981594,5.93618,1.01185
0.260543,0.673848,0.965375,5.93979,1.00413
0.262188,0.67192,0.914441,5.93671,1.00212
0.259525,0.688733,0.904281,5.95061,1.00823
0.268472,0.679333,0.841391,5.93624,1.00994
0.241568,0.66797,0.917699,5.92492,1.01128
0.244066,0.665344,0.929145,5.93,1.00566
0.265102,0.65645,0.931257,5.90586,1.00662
0.267659,0.669297,0.921597,5.92519,1.0045
0.251369,0.659462,0.988971,5.92123,1.00563
0.247202,0.679384,0.914428,5.92448,1.00447
0.263377,0.664511,0.989631,5.95159,1.00555
0.261545,0.663331,0.917939,5.92855,0.993546
0.259872,0.66601,0.947188,5.94107,1.01008
0.251083,0.663039,0.93389,5.93226,0.995852
0.257223,0.688123,1.00207,5.92519,1.00993
0.258292,0.665914,0.862293,5.93071,1.0058
0.25862,0.685271,0.9168,5.93057,1.00862
0.254366,0.666526,0.890544,5.94488,0.997841
0.249546,0.671737,0.932232,5.91947,1.00114
0.247274,0.672658,0.830662,5.952,1.0089
0.249166,0.672892,0.933422,5.94593,0.999671
0.254689,0.672043,1.01628,5.92551,1.01356
0.248518,0.674189,0.975955,5.93964,1.00843
0.257415,0.673608,0.967415,5.92969,1.00387
0.257012,0.688584,0.967319,5.93139,1.0012
0.250376,0.679553,0.952571,5.92935,1.0083
0.253652,0.677025,0.887483,5.93138,1.00452
0.248959,0.652447,0.926877,5.93047,0.995801
0.253976,0.67437,0.858448,5.93252,1.00373
0.248813,0.677566,0.957689,5.9257,0.996831
0.249957,0.680714,0.848368,5.93292,1.02362
0.241063,0.679493,0.91194,5.91445,1.00903
0.25103,0.664207,0.917728,5.93171,1.00081
0.256557,0.66703,0.900441,5.92035,1.01237
0.2585,0.675912,0.938971,5.94988,0.997502
0.259015,0.679166,0.907447,5.91137,1.00183
0.253596,0.667099,0.970581,5.91522,1.00577
0.235906,0.677191,0.927455,5.93008,1.00169
0.249687,0.685232,0.875911,5.94407,1.00857
0.246862,0.664704,0.924244,5.93266,1.00634
0.257332,0.668512,0.904807,5.93152,1.01757
0.243062,0.671674,0.849186,5.9209,1.00972
0.239538,0.667262,0.94296,5.93239,1.00184
0.269403,0.677242,0.891432,5.94021,1.01114
0.252944,0.655361,0.98669,5.92264,1.02255
0.253087,0.675262,0.933193,5.93989,1.00266
0.257676,0.659153,0.945846,5.91866,1.00644
0.256385,0.663365,0.944755,5.92111,1.00835
0.246322,0.67017,0.960967,5.89886,1.01663
0.265543,0.672024,0.778764,5.92214,1.01116
0.261424,0.67142,0.907745,5.9264,0.996381
0.262114,0.687978,1.00254,5.91964,1.00833
0.245715,0.679249,0.927106,5.91646,1.00966
0.24795,0.675619,0.935786,5.90959,1.01134
0.264161,0.675869,0.981235,5.91287,1.00432
0.246329,0.684448,0.93952,5.94718,1.0139
0.248769,0.643969,0.875698,5.93565,1.00478
0.267744,0.659518,0.900314,5.93631,1.0021
0.24876,0.658955,0.940792,5.93525,1.01746
0.254116,0.669301,0.978613,5.92496,1.02242
0.25884,0.671595,0.968683,5.91927,1.01113
0.250068,0.6783,1.00319,5.93603,0.988501
0.255595,0.664408,0.94942,5.9296,1.01135
0.250259,0.673344,0.889254,5.92797,0.999064
0.25175,0.665341,0.910492,5.91059,1.00535
0.268089,0.666367,0.968698,5.92594,0.999997
0.252288,0.676092,0.924772,5.91854,0.99157
0.264449,0.662359,0.926276,5.92625,1.00495
0.258339,0.680568,0.956245,5.93725,1.01006
0.248689,0.671415,0.959349,5.9195,1.00222
0.254953,0.655955,1.02142,5.94543,0.997973
0.250632,0.671076,0.998091,5.92401,1.01163
0.265877,0.65865,0.865143,5.93069,1.00766
0.259399,0.643675,0.89186,5.93464,1.00965
0.25703,0.662417,0.880972,5.93544,1.00534
0.26073,0.687435,0.911313,5.91954,0.996759
0.253848,0.67133,0.89508,5.91606,1.00658
0.255834,0.671024,0.979798,5.93532,1.01436
0.260813,0.681385,0.877657,5.93036,1.00147
0.2476,0.682969,0.910996,5.93248,0.986815
0.253742,0.664689,0.949818,5.91708,0.999605
0.244662,0.681954,0.949461,5.93171,0.993624
0.264522,0.656903,0.863786,5.91454,1.00432
0.243816,0.679381,0.955519,5.9216,1.00572
0.267375,0.660948,0.924842,5.94413,1.00526
0.263408,0.679451,0.915289,5.94671,1.00002
0.262049,0.6664,0.951259,5.922,1.00566
0.263261,0.680029,0.936371,5.91885,1.02014
0.246388,0.671846,0.883707,5.93476,0.991798
0.243688,0.673179,0.910428,5.92078,1.00412
0.254182,0.670728,1.00611,5.93427,1.00021
0.261095,0.655395,0.933627,5.92193,0.996976
0.261803,0.672876,0.944871,5.9206,1.00246
0.252577,0.667599,0.949765,5.93846,1.01471
0.260735,0.656202,1.02646,5.92928,1.00614
0.255319,0.669404,0.954267,5.93549,0.999957
0.255299,0.672705,0.959802,5.92856,1.00372
0.257145,0.668057,0.856289,5.94165,1.00424
0.256457,0.667749,0.941919,5.9253,1.00819
0.258942,0.657968,0.952683,5.92415,1.00089
0.25628,0.681311,0.912399,5.89211,0.98871
0.251674,0.682836,0.979875,5.95666,1.00479
0.243243,0.665332,0.913277,5.93994,1.01112
0.275659,0.652712,0.928235,5.93395,0.990614
0.26332,0.688367,1.01666,5.9366,1.00484
0.271016,0.674874,1.00546,5.93256,1.00327
0.260186,0.677333,1.00116,5.91706,1.00723
0.255474,0.689416,0.905109,5.92922,1.01003
0.259318,0.665976,0.932233,5.92007,1.00698
0.267813,0.666976,0.987412,5.93232,0.995542
0.251152,0.679295,0.922434,5.93392,0.994483
0.252124,0.673767,0.883543,5.92019,1.00073
0.256067,0.666941,0.923802,5.92646,1.01693
0.256958,0.676415,0.912339,5.9238,1.01928
0.248585,0.661735,0.931179,5.93022,1.00774
0.256349,0.674497,0.847863,5.93961,0.999841
0.254563,0.672491,0.895279,5.92107,0.998896
0.245584,0.678243,0.910215,5.93767,1.00749
0.250157,0.663703,1.0012,5.93384,1.01308
0.256805,0.671845,0.852098,5.93843,0.993563
0.248886,0.672475,0.920296,5.92988,1.00548
0.260762,0.665733,0.904593,5.92308,1.01796
0.241436,0.681471,0.923869,5.92121,0.998398
0.255817,0.658272,0.924001,5.91569,1.00586
0.255584,0.674038,0.853006,5.91376,1.00338
0.261119,0.678033,0.923094,5.91784,1.01014
0.247304,0.649222,0.976641,5.94514,1.0075
0.251767,0.671034,0.909181,5.92369,1.00247
0.256487,0.650878,0.897572,5.93591,0.99629
0.259769,0.657912,0.981066,5.9383,0.994812
0.259327,0.652142,0.873833,5.92576,1.00104
0.24767,0.659697,0.910987,5.92985,1.0202
0.252978,0.688757,0.831538,5.93585,1.0038
0.255418,0.675252,0.981764,5.92076,1.01239
0.258587,0.674291,0.932944,5.9336,1.00853
0.261208,0.669704,0.955434,5.95516,1.01261
0.256961,0.658157,0.952568,5.92614,1.0073
0.266951,0.657225,0.96091,5.91712,1.00083
0.258428,0.689864,0.866675,5.91481,0.992732
0.267531,0.665176,0.92841,5.93677,1.02281
0.258196,0.677767,0.94135,5.94755,0.995237
0.25709,0.66727,0.926282,5.92905,1.01823
0.250286,0.662498,0.964431,5.91424,1.00698
0.244858,0.676857,0.923117,5.93899,1.00537
0.257253,0.654338,0.871976,5.93308,1.00763
0.259263,0.680735,0.951008,5.93736,1.00898
0.25632,0.649079,0.923569,5.9155,0.995031
0.259099,0.692581,0.872229,5.92707,0.99848
0.245809,0.668513,0.87435,5.94869,1.00714
0.261647,0.669467,0.870999,5.93003,0.997923
0.249264,0.679567,0.843424,5.92517,1.00188
0.261616,0.697204,0.91731,5.90615,1.00308
0.261981,0.660435,0.907582,5.9158,1.01959
0.243442,0.659471,0.8927,5.94572,1.00067
0.251926,0.66387,0.970606,5.93098,1.01648
0.264734,0.687377,0.870445,5.90366,1.03223
0.257114,0.665299,0.897087,5.9274,0.995521
0.243008,0.654984,0.930674,5.92861,1.0016
0.259769,0.671881,0.984442,5.9141,1.00119
0.257472,0.67595,0.964526,5.93237,1.00051
0.247362,0.660615,0.929287,5.90613,1.01529
0.250764,0.662948,0.916037,5.91644,1.00006
0.268371,0.671846,0.885378,5.91888,1.00395
0.251122,0.672407,0.948225,5.94802,0.99581
0.253959,0.679592,0.870965,5.9279,1.01192
0.246273,0.681111,0.978762,5.92366,1.01491
0.248588,0.684426,0.955926,5.93753,1.01323
0.255758,0.683851,1.02206,5.9217,1.00255
0.251645,0.667553,0.943721,5.92892,0.997142
0.242475,0.68186,0.876609,5.94077,1.0121
0.249764,0.658516,0.911666,5.93583,0.998234
0.26704,0.665533,0.954394,5.91445,1.0068
0.268332,0.661602,0.960292,5.92666,0.999082
0.246798,0.667661,0.913101,5.94932,1.00994
0.257237,0.668503,1.01412,5.935,1.01049
0.239373,0.683563,0.963191,5.93436,1.00573
0.247436,0.666285,0.957302,5.94048,1.00227
0.267,0.661283,0.997051,5.90485,1.01387
0.244655,0.656879,0.980069,5.92176,1.00308
0.248035,0.679903,0.919843,5.93431,1.00657
0.244082,0.674473,0.932967,5.93221,1.00558
0.264818,0.65061,0.910639,5.93734,1.00711
0.259462,0.671069,0.965995,5.91186,0.98785
0.251503,0.661167,1.00522,5.94486,0.999933
0.250734,0.656739,0.969627,5.93051,1.00191
0.24542,0.673208,0.960814,5.93551,1.00597
0.239888,0.674244,0.886774,5.94589,1.00578
0.257144,0.674338,0.905816,5.91871,1.01596
0.248373,0.669894,0.908507,5.93226,1.00589
0.259163,0.65846,0.962494,5.91709,0.995209
0.25802,0.674219,0.888852,5.93057,1.01524
0.26188,0.662976,0.936032,5.93236,1.02149
0.26247,0.664469,1.05527,5.92695,0.996321
0.234554,0.686292,1.06155,5.91586,1.00867
0.25888,0.689597,0.894912,5.93919,1.0025
0.254083,0.649589,0.934004,5.91574,1.00438
0.243605,0.667972,0.962263,5.91678,1.00965
0.261692,0.680239,0.855478,5.94222,1.00419
0.251126,0.656105,0.942447,5.91239,0.999858
0.250245,0.675409,0.969547,5.93327,1.01585
0.256868,0.664981,0.90046,5.95088,1.01165
0.252209,0.662633,0.898332,5.92415,1.00255
0.252463,0.668561,0.86516,5.92316,1.0084
0.276356,0.671023,0.895719,5.93156,1.01484
0.253072,0.680889,0.93719,5.92314,1.00961
0.256422,0.673064,0.950433,5.94025,0.999518
0.261356,0.663616,0.955382,5.9259,1.01263
0.248453,0.683917,1.00344,5.93727,1.00057
0.260195,0.668555,0.872044,5.94101,0.999594
0.254562,0.683669,1.0008,5.92942,1.00993
0.259206,0.663906,1.01256,5.93017,1.01167
0.263617,0.662458,0.911728,5.91751,1.01266
0.261648,0.668792,0.977658,5.92629,1.00784
0.255437,0.68127,0.94695,5.94655,1.00285
0.25484,0.691737,0.955512,5.94001,1.0008
0.245661,0.668379,0.957237,5.90961,1.01898
0.257217,0.693431,0.945307,5.92537,1.00567
0.258791,0.681138,1.00366,5.91567,0.993891
0.243418,0.684649,0.960544,5.92548,1.01248
0.246417,0.666168,1.00453,5.91814,1.00569
0.240354,0.655685,1.00167,5.93912,1.01553
0.258002,0.657688,0.885505,5.91253,0.996649
0.255957,0.672467,0.825197,5.89493,1.00893
0.252469,0.671874,0.98588,5.93379,1.00282
0.250853,0.680611,0.943031,5.93178,0.994788
0.253815,0.684804,0.931574,5.92144,1.01805
0.261873,0.660266,0.90889,5.93002,1.01101
0.261862,0.667025,0.94065,5.91934,1.00507
0.245797,0.671773,0.935279,5.93539,1.01658
0.247424,0.672199,0.966876,5.9455,1.00419
0.254235,0.648399,0.941612,5.93433,1.00628
0.254941,0.662043,0.857435,5.92294,1.0083
0.268339,0.663861,0.886719,5.94391,1.01539
0.261164,0.659201,0.890891,5.92902,0.999027
0.267735,0.66572,0.990221,5.92987,1.00736
0.248691,0.676904,0.895227,5.93224,1.00214
0.264545,0.666464,0.998604,5.92613,1.00254
0.255937,0.682492,0.964469,5.93393,1.00945
0.25898,0.659791,0.909886,5.94516,1.0024
0.243505,0.659365,0.865323,5.91931,1.00786
0.246015,0.662526,0.852167,5.94076,1.01145
0.265274,0.675591,0.967014,5.93317,1.00348
0.247702,0.695448,0.941023,5.91475,0.998006
0.258317,0.658073,0.867173,5.91149,1.01128
0.25254,0.658376,0.906655,5.91182,1.00645
0.249165,0.686953,0.96775,5.90679,1.03236
0.265167,0.671753,0.917516,5.90823,1.00673
0.252082,0.673376,0.869012,5.90348,1.00497
0.263354,0.673398,1.00243,5.92918,1.01113
0.2505,0.668118,0.939045,5.92523,1.01439
0.259599,0.65851,0.914114,5.92361,0.999109
0.257848,0.662058,0.856241,5.91806,1.02254
0.247591,0.669844,0.9659,5.91788,1.00605
0.246293,0.682856,0.980652,5.93358,0.998379
0.258551,0.665474,1.01332,5.92795,1.02557
0.255509,0.679566,0.898347,5.9091,0.987804
0.25594,0.673511,0.910762,5.94,1.01009
0.263867,0.671306,0.906324,5.91486,0.996225
0.25505,0.685896,0.978789,5.92662,0.998288
0.258374,0.665783,0.958465,5.94023,0.995303
0.259447,0.668357,0.907426,5.93499,1.00921
0.253012,0.667454,0.896512,5.92341,0.996629
0.264764,0.696202,0.91339,5.9199,1.00831
0.245245,0.664874,1.00173,5.9384,0.989119
0.264854,0.68168,0.914772,5.93801,1.01014
0.251491,0.668555,0.918313,5.92863,1.01037
0.259227,0.684592,0.902655,5.92727,1.00688
0.242836,0.664311,0.992076,5.93057,1.00826
0.253718,0.6698,0.909854,5.92178,1.01694
0.249605,0.666953,0.896437,5.91949,0.996863
0.244468,0.658739,0.945422,5.91969,1.00257
0.249365,0.685307,0.897782,5.94491,1.00567
0.258789,0.672273,0.942825,5.92366,0.990695
0.239853,0.692793,0.894865,5.93447,1.02625
0.255018,0.677113,0.93587,5.93504,0.997235
0.246784,0.671561,0.900854,5.93372,0.999756
0.251516,0.673584,0.957067,5.93199,1.00782
0.257074,0.65821,0.875046,5.9239,0.988282
0.257008,0.668638,0.917688,5.93476,1.00992
0.270573,0.651659,0.947019,5.91443,1.01022
0.236885,0.677059,1.07994,5.94503,1.00517
0.246933,0.66709,0.913205,5.91315,1.00251
0.254366,0.671598,0.852865,5.92065,1.01345
0.258122,0.674686,0.938517,5.91788,1.01227
0.255299,0.64886,0.917706,5.92176,1.01779
0.25194,0.685317,1.00066,5.92294,1.0074
0.253633,0.675372,0.8323,5.91191,1.0066
0.251031,0.653096,0.843965,5.92482,1.00594
0.252546,0.676154,0.928162,5.93011,0.991279
0.245966,0.684909,1.00902,5.9272,0.999501
0.249307,0.656397,0.907154,5.92723,0.997611
0.261416,0.675431,0.914446,5.92136,1.01712
0.255846,0.687607,0.877848,5.92504,0.99643
0.253986,0.672864,0.906989,5.92253,1.0031
0.256279,0.677869,0.93938,5.92713,1.00098
0.256857,0.682456,0.920226,5.91898,1.00653
0.253179,0.670844,0.969787,5.92947,1.01439
0.237708,0.663543,0.991715,5.93314,0.990204
0.250673,0.684615,0.908773,5.92422,1.00114
0.25542,0.665745,0.933904,5.9376,1.01598
0.259071,0.671488,0.941747,5.91821,0.991499
0.250417,0.670431,0.899081,5.93402,1.01024
0.252301,0.687381,1.01407,5.925,0.991065
0.266479,0.669704,0.938484,5.92607,1.00392
0.265258,0.662108,0.933379,5.91874,1.00615
0.255377,0.664732,0.953457,5.92758,0.997927
0.255287,0.664061,0.92526,5.92283,1.00517
0.260042,0.67451,0.929584,5.91779,1.02165
0.249328,0.652424,0.943018,5.93374,1.01012
0.261407,0.670047,0.887546,5.92461,0.992783
0.253225,0.661101,0.902466,5.92907,1.00703
0.252292,0.670328,0.919785,5.94991,1.00839
0.252693,0.667771,1.01308,5.93733,1.00592
0.255232,0.679781,0.943648,5.93341,1.00666
0.26689,0.667241,0.940788,5.92139,1.00715
0.254084,0.652285,0.876924,5.93444,0.997251
0.259295,0.664854,0.932012,5.91095,1.00825
0.255479,0.657952,0.830154,5.94123,1.0071
0.25013,0.676079,0.917298,5.94555,1.01326
0.253637,0.683939,0.925784,5.94089,1.01494
0.26411,0.668584,0.894054,5.93089,1.00671
0.260108,0.674627,0.978814,5.92779,0.991272
0.255064,0.677685,0.954977,5.93308,1.01319
0.241967,0.664192,0.944382,5.92803,1.01003
0.233332,0.649166,0.938287,5.93071,1.01159
0.256819,0.675496,0.822513,5.91766,1.01167
0.246337,0.672965,0.927312,5.92013,1.01606
0.256331,0.665716,0.948757,5.94213,1.00623
0.258244,0.663293,0.979638,5.92249,1.01185
0.257268,0.671227,0.967352,5.90968,0.991893
0.253519,0.684892,0.935932,5.92236,1.00023
0.257714,0.694097,0.894349,5.94153,1.00085
0.254096,0.667218,0.895293,5.93347,0.996478
0.264763,0.668139,0.939883,5.92316,0.991369
0.251225,0.66482,0.921335,5.91135,1.01472
0.251916,0.670027,0.967145,5.93354,1.01147
0.25203,0.663209,0.87094,5.93624,1.0118
0.252496,0.658476,0.882389,5.91643,1.00482
0.253284,0.671117,0.935979,5.92264,1.00744
0.263368,0.67317,0.952535,5.94007,1.01249
0.256382,0.658584,0.92674,5.9379,1.01911
0.252275,0.673094,0.936239,5.93437,1.01753
0.255932,0.678486,0.968658,5.92429,0.998553
0.260017,0.679229,0.980263,5.93297,0.988701
0.262286,0.676704,0.938618,5.93065,0.988769
0.254214,0.679852,0.967041,5.91639,1.00839
0.251122,0.672606,0.967616,5.93064,0.998152
0.255642,0.660731,0.957984,5.91319,1.00168
0.273932,0.687869,0.90845,5.92393,1.00267
0.258697,0.684867,0.982918,5.93673,1.01275
0.256371,0.664884,0.98655,5.94105,1.01073
0.255712,0.687562,0.885803,5.9287,1.00793
0.250163,0.678281,0.964164,5.93863,1.00423
0.258413,0.651811,0.847796,5.91315,1.00862
0.245995,0.655425,0.9493,5.90872,1.01004
0.252687,0.675612,1.04301,5.94706,1.00064
0.241632,0.670747,0.898031,5.93864,1.01647
0.259016,0.679068,0.983528,5.95358,1.01011
0.256484,0.669892,0.938606,5.91922,1.00449
0.260382,0.683423,0.980938,5.92915,1.00956
0.256863,0.673484,0.998652,5.9398,0.991024
0.253005,0.67254,0.974428,5.9343,0.998407
0.252037,0.666798,0.928561,5.92801,1.00494
0.273894,0.671499,0.946587,5.92384,0.997322
0.241357,0.668001,0.886107,5.92368,1.00564
0.267394,0.669696,0.991271,5.93463,1.00984
0.273444,0.657983,0.870164,5.9059,1.00201
0.259552,0.671757,0.966552,5.94346,1.00839
0.254643,0.657444,0.890254,5.93445,0.993888
0.259382,0.685075,0.88788,5.92051,1.0205
0.254486,0.673832,0.947415,5.93981,1.01151
0.243655,0.67531,0.932519,5.91937,1.01318
0.263638,0.682872,0.918487,5.91309,1.00706
0.253606,0.654568,0.915759,5.92989,1.01057
0.257606,0.679813,0.91006,5.9213,0.999018
0.260044,0.665189,0.910347,5.94111,0.996791
0.243887,0.674338,0.895591,5.9486,1.00221
0.265382,0.666792,0.945172,5.91029,0.996199
0.263955,0.669307,0.780421,5.91685,1.01616
0.250639,0.686381,0.939481,5.9447,1.01159
0.258498,0.671421,0.909737,5.92134,0.995706
0.25373,0.660346,0.885147,5.92432,0.994032
0.256475,0.700187,0.886694,5.92489,1.01186
0.247768,0.679864,0.887759,5.93802,0.98768
0.255359,0.675806,0.959123,5.91295,1.01246
0.259861,0.669817,0.864881,5.91232,1.00804
0.259005,0.674362,0.974233,5.91542,1.00519
0.254596,0.660571,0.867163,5.92702,1.01433
0.252434,0.676174,0.821213,5.9236,0.992847
0.251396,0.663748,0.982236,5.92774,1.01146
0.257817,0.660823,0.920388,5.91387,0.986452
0.24954,0.660615,0.981983,5.92186,1.00369
0.261529,0.679027,0.880196,5.9569,0.996017
0.255069,0.662104,0.83724,5.93761,1.00091
0.254456,0.662266,0.874423,5.93037,0.996585
0.254711,0.666659,0.835852,5.92416,1.0099
0.268098,0.654463,1.00545,5.93782,0.999986
0.255674,0.671194,0.908846,5.92449,1.0177
0.249532,0.668099,0.922134,5.91781,1.00677
0.247834,0.681072,0.978729,5.9309,0.992172
0.250861,0.665264,0.922314,5.94689,1.00127
0.258255,0.673762,0.880816,5.94302,0.997412
0.257136,0.678254,0.977473,5.93109,1.00282
0.244275,0.665086,0.938134,5.93659,0.999502
0.253429,0.663224,0.988512,5.92561,0.99865
0.267243,0.676735,0.915611,5.93493,1.01229
0.248586,0.670557,0.89175,5.92581,0.998207
0.250076,0.674126,1.12913,5.95186,1.00952
0.257372,0.678379,0.84665,5.92279,0.98757
0.258617,0.676688,0.907859,5.91966,1.01631
0.25117,0.66349,0.930517,5.92813,1.00174
0.264261,0.684429,0.950172,5.92587,1.00219
0.26666,0.691656,0.946315,5.92401,1.01166
0.240917,0.669527,0.918297,5.94681,1.01351
0.254959,0.669782,0.927149,5.92954,1.0177
0.258395,0.680836,0.945849,5.9312,1.00209
0.265856,0.670647,1.00618,5.92344,1.01631
0.241852,0.681101,0.94531,5.94332,1.0095
0.249657,0.685191,0.915472,5.93153,0.996838
0.257007,0.657145,0.977842,5.93132,1.01203
0.254749,0.668457,0.872046,5.92567,1.00497
0.254184,0.680241,0.887561,5.92809,1.0043
0.251509,0.653187,0.884938,5.94037,1.01128
0.261963,0.660471,0.963652,5.94495,1.00342
0.237992,0.675715,0.983139,5.90523,1.01732
0.264949,0.664839,0.902099,5.93789,1.00727
0.242987,0.677817,0.91339,5.912,1.01866
0.260057,0.653904,0.873994,5.92428,0.984898
0.246598,0.664444,1.00666,5.93259,1.00847
0.265882,0.671643,0.96019,5.92386,1.00932
0.247388,0.683906,0.867991,5.94143,0.989324
0.268045,0.657501,0.855866,5.92752,1.00747
0.268428,0.662505,0.917256,5.95289,1.00078
0.251807,0.672815,1.01877,5.9492,1.0058
0.256625,0.671351,0.857672,5.92275,1.00112
0.260708,0.680612,1.01078,5.91588,0.99788
0.259427,0.67445,0.81265,5.91598,1.02115
0.249816,0.677976,0.90055,5.92092,1.00147
0.267275,0.663628,0.89015,5.92527,1.01258
0.264453,0.658543,0.998986,5.92732,1.00859
0.250364,0.664187,0.844622,5.91792,1.0067
0.254914,0.681544,0.968181,5.90653,1.0015
0.256319,0.678125,0.820715,5.91673,0.992893
0.248365,0.701422,0.997442,5.92109,1.00089
0.24688,0.676072,0.929881,5.91267,1.0123
0.265717,0.66422,0.908366,5.92921,1.0132
0.259006,0.670647,0.924987,5.90818,0.997976
0.266991,0.678668,0.904817,5.92004,0.998837
0.246171,0.668419,0.921179,5.931,1.00018
0.258819,0.673505,0.856707,5.92128,1.01578
0.250666,0.697189,0.92011,5.92945,0.996466
0.249,0.658891,0.839825,5.91632,1.01019
0.259492,0.68203,0.913272,5.93393,0.997246
0.25554,0.676676,0.959075,5.91891,1.01664
0.244174,0.691777,0.894593,5.94889,1.02024
0.243766,0.671819,0.941036,5.9284,1.01194
0.255171,0.678009,0.89839,5.92975,1.00494
0.250271,0.659415,0.955442,5.92301,1.01328
0.250115,0.666812,0.917927,5.90399,1.00519
0.249759,0.666898,0.966226,5.93453,0.99313
0.244937,0.67078,0.996673,5.91461,1.01509
0.258152,0.660734,0.962147,5.94035,1.01019
0.254798,0.661984,1.026,5.91061,1.00374
0.267038,0.666712,0.906521,5.92628,1.01553
0.250455,0.670023,0.893218,5.93936,1.00536
0.255712,0.665422,1.06711,5.93533,0.997471
0.248252,0.678126,0.965754,5.95332,0.998813
0.257501,0.666153,0.874692,5.92301,1.01174
0.264267,0.701473,0.901683,5.9386,1.00496
0.256242,0.671567,0.881917,5.93025,0.99874
0.252565,0.679759,0.976888,5.95798,1.0116
0.256045,0.677002,0.976721,5.92768,1.0052
0.255369,0.65724,0.994988,5.94315,1.01061
0.265146,0.67765,1.031,5.92221,1.00077
0.252394,0.672842,0.921646,5.9321,1.0077
0.257012,0.6609,0.932335,5.93995,1.00498
0.254278,0.66441,0.983467,5.90849,1.00941
0.247264,0.658332,0.873117,5.90486,1.01245
0.249936,0.682708,0.908005,5.93093,1.00208
0.252542,0.661248,0.961964,5.93406,1.00176
0.257337,0.669823,0.959121,5.9353,1.00782
0.251355,0.664461,0.951795,5.92477,1.0057
0.254298,0.680195,0.899956,5.93114,0.999343
0.250513,0.662174,0.896822,5.91396,1.01288
0.252475,0.682104,0.910631,5.92536,0.993108
0.261057,0.668824,0.974057,5.93097,0.994894
0.25002,0.676146,0.951405,5.93259,1.00853
0.251115,0.669734,0.896183,5.91922,1.0054
0.244688,0.660615,0.963662,5.92642,1.0058
0.24613,0.674597,0.976433,5.9287,1.01633
0.24632,0.676009,0.889512,5.92133,1.00751
0.260297,0.670468,0.931921,5.92742,0.988321
0.258771,0.671207,0.908601,5.91573,1.00466
0.255363,0.681107,0.937127,5.92051,1.00995
0.25242,0.660583,0.892872,5.93631,1.00409
0.257247,0.668655,0.965511,5.94909,0.990078
0.248951,0.655903,0.921122,5.92434,1.00192
0.263027,0.665518,0.98436,5.92558,1.0033
0.256191,0.67619,0.974282,5.94106,1.00818
0.247708,0.661651,0.990853,5.9237,1.01564
0.255098,0.688837,0.889311,5.93675,1.00832
0.261136,0.685339,0.940672,5.93994,1.00095
0.255639,0.661681,1.07794,5.92081,1.0186
0.244911,0.675217,0.939439,5.93619,1.02046
0.259489,0.670051,0.935502,5.93522,0.994888
0.265158,0.66491,0.905478,5.93096,0.996561
0.24603,0.680521,0.940134,5.91526,1.00756
0.250013,0.682401,0.843739,5.91879,1.00707
0.243792,0.674842,0.914042,5.92134,0.991661
0.245254,0.677314,1.04973,5.94294,1.01379
0.260991,0.66478,0.847818,5.94496,1.01382
0.24138,0.664513,1.02019,5.93582,1.00674
0.254431,0.670807,0.991572,5.92402,1.01189
0.259161,0.674484,0.872716,5.92394,1.01174
0.251913,0.668976,0.891506,5.94155,1.0128
0.253388,0.687448,0.915549,5.93672,1.01592
0.248947,0.67345,0.921753,5.94327,1.0173
0.251635,0.678524,0.935339,5.9252,1.00351
0.238788,0.666477,0.978259,5.91254,0.99593
0.26131,0.671868,0.876245,5.91716,0.99353
0.254986,0.660436,0.924988,5.94235,0.993449
0.24535,0.680564,0.95658,5.94361,1.01199
0.262414,0.673359,0.986501,5.94151,1.00901
0.239795,0.661946,0.892901,5.92155,0.997324
0.246214,0.671621,0.863049,5.93545,0.997901
0.256109,0.664658,1.02546,5.91735,1.02386
0.252807,0.663284,0.962978,5.91129,0.99101
0.257326,0.672857,0.887822,5.92783,1.00211
0.253457,0.668253,0.949806,5.91572,1.0074
0.26255,0.667727,0.943849,5.92201,1.00812
0.24737,0.690116,0.838065,5.92268,1.00239
0.246158,0.692142,0.94723,5.93419,1.00755
0.25373,0.679774,0.925527,5.93494,1.00395
0.253394,0.675731,0.928255,5.93786,0.997634
0.26233,0.66394,0.902532,5.92601,1.01344
0.255606,0.655154,1.01234,5.90589,1.00758
0.255657,0.6807,0.957327,5.92505,1.00189
0.264143,0.681493,0.883834,5.91675,1.01041
0.272244,0.691449,0.884352,5.92534,0.987743
0.253956,0.669512,0.934568,5.91639,1.00709
0.238387,0.668088,0.919247,5.92757,1.00377
0.248503,0.663788,0.951009,5.92448,0.988144
0.267881,0.660454,0.93868,5.92586,1.00684
0.261487,0.670604,0.964142,5.91943,1.00588
0.259657,0.646207,0.879262,5.93631,1.00858
0.250049,0.671026,0.939235,5.92859,0.997065
0.261163,0.66604,0.916148,5.93962,1.0031
0.254758,0.677219,0.971622,5.92715,0.985135
0.236484,0.664343,0.944561,5.9269,0.995548
0.260024,0.669054,0.888858,5.91964,1.00719
0.241706,0.681115,0.984751,5.94769,1.00298
0.250614,0.664991,0.902083,5.92676,1.00308
0.261766,0.660793,0.865568,5.91733,1.01443
0.250498,0.666636,0.847761,5.92029,0.987696
0.256187,0.668281,0.962037,5.9338,1.01139
0.263539,0.671693,0.890293,5.90457,1.00449
0.256544,0.674415,0.884097,5.94222,1.00423
0.259986,0.661807,1.00562,5.9145,0.998762
0.256718,0.691037,0.899892,5.93377,1.00709
0.258993,0.691219,0.972312,5.9306,1.03033
0.263019,0.670061,0.893565,5.92102,1.00437
0.258906,0.683039,0.941427,5.92609,1.01062
0.247149,0.669675,0.934367,5.91633,1.0067
0.241377,0.68331,0.945078,5.91968,1.00247
0.247139,0.673538,0.931165,5.92536,1.00251
0.251389,0.670004,1.04689,5.94373,1.00124
0.258153,0.679847,0.990529,5.91016,1.01522
0.256545,0.673258,0.8711,5.91882,1.00638
0.250159,0.662069,1.00873,5.93931,1.02195
0.267772,0.671327,0.915569,5.92489,1.01437
0.256439,0.676127,0.836761,5.91685,0.997498
0.259829,0.675903,0.944288,5.92149,1.00953
0.257695,0.686048,0.982572,5.91623,1.01377
0.26877,0.665317,0.90148,5.91456,0.999533
0.265868,0.672106,0.935337,5.92999,1.008
0.240606,0.661945,0.994874,5.94448,1.01009
0.250051,0.665782,1.01216,5.92875,1.0138
0.256247,0.663001,0.938736,5.94404,1.00868
0.246259,0.681611,1.03955,5.92593,1.0016
0.254061,0.674804,1.00695,5.9265,1.01866
0.263456,0.672411,0.953233,5.91856,1.00953
0.254997,0.66363,0.866608,5.92276,1.00607
0.267463,0.667111,1.0169,5.94081,1.00769
0.2553,0.676468,0.901431,5.93683,1.01294
0.255691,0.70029,0.932531,5.95226,1.00132
0.259414,0.654368,0.927633,5.92081,1.00656
0.256364,0.676675,0.968572,5.92048,1.00566
0.25582,0.670966,0.940047,5.92913,1.00612
0.260963,0.672909,0.931679,5.92312,1.00673
0.254663,0.681992,0.969588,5.93057,1.01544
0.26874,0.675087,0.863506,5.93447,1.00982
0.257114,0.679149,0.990184,5.94464,0.994706
0.275467,0.681623,0.892627,5.93865,0.999181
0.264897,0.674119,0.953921,5.9425,1.01234
0.246135,0.654991,0.90807,5.93834,0.997248
0.260439,0.665205,0.925481,5.93236,1.00306
0.247288,0.684959,0.953037,5.92247,0.986648
0.255774,0.670475,0.912109,5.94298,1.00317
0.252393,0.660775,0.917787,5.92245,1.00352
0.244422,0.678747,0.893699,5.92768,1.00201
0.247683,0.670268,0.854782,5.92311,1.00471
0.259075,0.670201,0.959679,5.91519,1.01202
0.245125,0.669423,0.878969,5.91433,0.996887
0.257043,0.669588,0.958789,5.93221,1.00283
0.268557,0.669397,0.853553,5.93621,0.995148
0.26167,0.672096,0.997287,5.94325,1.00753
0.249528,0.670473,1.0034,5.90036,0.992241
0.261708,0.678635,0.989888,5.91942,1.00749
0.253662,0.691514,0.918645,5.92172,1.01011
0.255343,0.676046,0.964763,5.93828,1.01487
0.250787,0.667439,1.00159,5.9394,1.0124
0.252537,0.659774,0.9509,5.92141,0.998659
0.253712,0.672572,1.02295,5.93953,1.01534
0.254509,0.700679,0.949191,5.91728,0.999219
0.252391,0.685538,0.866754,5.94685,1.0033
0.253489,0.662866,0.909784,5.92467,1.01079
0.248158,0.668446,0.915881,5.91729,1.00105
0.260945,0.66496,0.885619,5.93304,1.01277
0.249791,0.666773,1.00009,5.93848,1.01094
0.24262,0.663758,0.962004,5.92299,1.01581
0.256143,0.684406,0.779171,5.91588,1.01054
0.247557,0.6676,0.877555,5.9159,0.998412
0.243434,0.690001,0.882122,5.9291,0.995583
0.256507,0.675991,0.887541,5.93549,0.995509
0.256681,0.669473,0.870467,5.91686,0.995435
0.254607,0.673416,0.994902,5.92408,0.992329
0.249231,0.672336,0.915808,5.92217,1.00601
0.249232,0.695462,0.981511,5.93009,1.00485
0.256482,0.671544,0.957962,5.95412,1.00146
0.260335,0.672068,0.90109,5.93518,1.00971
0.266403,0.679304,0.950765,5.92068,0.992915
0.272893,0.68656,1.0025,5.93342,1.0077
0.257755,0.673342,0.950049,5.93684,1.00892
0.246466,0.673847,0.948012,5.9315,1.0121
0.247016,0.680428,0.964806,5.9328,1.0087
0.247683,0.672402,0.963763,5.93346,0.999073
0.242665,0.665442,0.968141,5.91653,0.998991
0.255067,0.669116,0.965234,5.92809,0.997069
0.238788,0.663529,0.927291,5.92291,1.01447
0.25399,0.680626,1.06457,5.93259,1.00631
0.247637,0.672901,0.918532,5.94251,1.00419
0.258959,0.671596,0.851796,5.91917,1.00073
0.252805,0.665719,0.964774,5.91795,0.992977
0.242501,0.663957,1.01351,5.94915,0.99604
0.249163,0.66579,0.919821,5.94363,1.0233
0.254314,0.668034,0.88239,5.92866,1.00245
0.251392,0.669961,0.919035,5.91917,1.01074
0.249536,0.659801,0.908844,5.91904,0.997006
0.253487,0.680255,0.915252,5.9288,1.00837
0.268133,0.666528,0.971674,5.9119,1.0017
0.259883,0.680811,0.977034,5.92361,0.994218
0.266336,0.670533,0.810434,5.92517,1.00285
0.249623,0.662327,0.889896,5.93093,1.00243
0.24734,0.672639,0.910816,5.93859,1.00245
0.258631,0.653894,0.877648,5.94428,1.00214
0.249123,0.691387,0.923888,5.93602,1.00314
0.251586,0.679939,0.875286,5.93371,0.999553
0.257869,0.66633,0.86597,5.95364,1.0064
0.26685,0.669622,0.995516,5.92139,1.00134
0.236939,0.659749,0.927434,5.94018,1.00055
0.262036,0.677345,0.940203,5.91732,1.00185
0.253985,0.679608,0.879771,5.91593,1.00295
0.261092,0.669627,0.866657,5.9264,0.991825
0.2533,0.658752,0.892469,5.92219,1.01617
0.253765,0.67601,0.851274,5.91556,1.00921
0.266121,0.661485,0.818162,5.93798,1.01301
0.252238,0.660576,0.948491,5.91059,1.00001
0.25064,0.658633,0.946497,5.92739,1.00181
0.251418,0.666511,0.974866,5.94032,1.00331
0.258551,0.678911,0.986762,5.92265,0.995158
0.242345,0.664833,0.985156,5.93335,1.0034
0.263738,0.67455,0.983589,5.92178,1.0119
0.25664,0.675383,0.990301,5.9258,1.00746
0.259866,0.671957,0.892843,5.92684,1.0136
0.258759,0.673418,0.981813,5.93245,0.994321
0.252999,0.660367,0.932458,5.90468,1.01332
0.255235,0.674178,0.90443,5.92184,1.00058
0.245906,0.677615,0.941198,5.92439,1.0182
0.256311,0.670387,0.958273,5.92952,0.99545
0.269979,0.675329,0.958411,5.91737,1.0185
0.261757,0.672919,0.919303,5.92821,1.00458
0.251828,0.66398,0.911852,5.92561,1.00986
0.255646,0.694951,1.00366,5.93582,1.00188
0.255696,0.673707,0.939858,5.93219,0.996451
0.251742,0.672778,1.00083,5.93217,1.01845
0.261217,0.683922,0.889086,5.92411,1.004
0.251193,0.667107,0.908958,5.9346,1.01114
0.258819,0.667011,0.883717,5.94148,1.01438
0.255803,0.674559,0.948519,5.92685,0.989769
0.251423,0.660329,0.942164,5.927,1.01034
0.242041,0.685309,0.926422,5.91254,1.01318
0.251898,0.672743,0.914943,5.92515,0.996597
0.262918,0.662922,0.934748,5.93852,1.00227
0.248113,0.66467,0.949256,5.91577,1.02821
0.254177,0.676031,1.00429,5.91604,1.00201
0.26426,0.666249,0.990229,5.91519,0.992974
0.266536,0.686207,0.762935,5.91756,0.992946
0.261587,0.66847,0.871534,5.93093,0.997015
0.258198,0.672661,0.888058,5.93602,0.999075
0.256949,0.67955,0.942012,5.92707,1.01366
0.257575,0.654368,1.00339,5.9206,1.00328
0.254966,0.665228,0.965448,5.90652,0.997792
0.254451,0.657936,0.931308,5.91973,1.0073
0.253065,0.667346,1.00827,5.94079,1.01956
0.255111,0.677756,0.891806,5.92183,1.00435
0.261606,0.6612,0.920188,5.91537,1.00107
0.247985,0.687826,0.884993,5.93229,1.01027
0.26483,0.670804,0.924356,5.92086,1.00026
0.263299,0.673767,0.933219,5.92781,1.01458
0.255557,0.662966,0.923681,5.93,1.00083
0.250433,0.695489,0.99022,5.92601,1.01913
0.246217,0.666611,0.986543,5.92717,1.0028
0.25479,0.684036,0.955806,5.91533,1.01059
0.252994,0.665757,0.87573,5.92146,1.00675
0.249156,0.671172,0.977946,5.92403,1.00831
0.260344,0.677647,0.919203,5.92683,1.007
0.260755,0.689362,1.02102,5.89817,1.01264
0.252316,0.6833,0.843468,5.92497,1.00707
0.262639,0.687308,0.936105,5.9022,0.999021
0.270525,0.658682,1.01438,5.93223,1.00181
0.250037,0.656361,0.932563,5.90707,1.00718
0.264859,0.674889,0.96568,5.9204,0.99208
0.25362,0.675352,0.905235,5.9146,1.01331
0.244118,0.665996,0.873904,5.92179,1.00999
0.266215,0.668842,0.909681,5.91505,0.995135
0.260353,0.684735,0.907537,5.9379,1.00967
0.248101,0.682228,0.880431,5.93616,1.00836
0.241957,0.674101,0.923834,5.92359,1.00962
0.253975,0.663277,0.906558,5.93309,1.00491
0.253374,0.661599,0.970578,5.91532,1.00971
0.244154,0.66258,0.935071,5.91871,0.994695
0.250516,0.667458,0.930507,5.92106,1.00474
0.247993,0.674809,0.921191,5.91455,0.988605
0.260388,0.676697,1.01583,5.91914,1.00145
0.258877,0.664416,0.944511,5.93887,1.01
0.260661,0.667646,0.98108,5.92339,1.00399
0.256915,0.658038,0.974134,5.91394,0.996567
0.254654,0.671313,0.899996,5.91855,0.998219
0.254452,0.694128,0.857635,5.93581,1.00516
0.268292,0.653541,0.895846,5.92085,1.00512
0.254146,0.668884,0.987513,5.92732,0.993595
0.264298,0.66752,0.950286,5.92917,1.00307
0.244104,0.667636,0.862875,5.94969,1.00331
0.268314,0.67204,1.02853,5.93637,1.01671
0.249821,0.656142,0.830415,5.93504,1.00922
0.252235,0.644428,0.942188,5.93007,1.00623
0.250994,0.680522,0.900801,5.93136,1.00706
0.25509,0.663416,0.934991,5.93992,1.00931
0.263596,0.690557,0.970825,5.94622,1.00965
0.253541,0.689785,0.884439,5.94054,1.00808
0.258389,0.703021,0.972782,5.92698,1.02701
0.242608,0.668473,0.910298,5.92512,1.00628
0.259613,0.674791,0.962163,5.92557,1.00895
0.26325,0.678315,0.913939,5.92293,1.00664
0.268294,0.678975,1.05556,5.92537,1.00179
0.262082,0.683818,0.901237,5.92949,1.01731
0.259657,0.664341,0.991005,5.93483,1.00615
0.249678,0.691053,0.945008,5.9216,1.00075
0.26025,0.680845,0.830858,5.92238,0.997262
0.262679,0.682145,0.876591,5.91794,0.999598
0.253861,0.686031,0.991368,5.93096,1.01985
0.266446,0.676185,0.943841,5.93682,1.00477
0.253289,0.656508,0.94136,5.9245,1.00277
0.254205,0.664168,0.918991,5.93104,1.00076
0.257893,0.668429,0.879489,5.93866,1.01024
0.256428,0.661044,0.963191,5.9215,1.00304
0.261111,0.674302,0.919182,5.92161,1.00566
0.270053,0.667012,0.966852,5.93683,1.01144
0.246592,0.672247,0.95735,5.92474,1.02111
0.251282,0.662584,0.887187,5.92117,1.00701
0.257066,0.663602,0.937237,5.91943,1.02087
0.244952,0.666064,0.97742,5.92884,1.00503
0.260149,0.682262,1.00384,5.93576,0.996895
0.24915,0.667714,0.986207,5.93795,0.996881
0.244539,0.67545,1.00997,5.91607,1.00345
0.253031,0.665923,0.851972,5.91015,0.999876
0.25289,0.67518,0.936469,5.92419,1.01483
0.243073,0.678845,0.933451,5.91251,0.99349
0.259351,0.664762,0.952794,5.94651,0.992468
0.251313,0.656876,0.898752,5.91473,1.01078
0.254225,0.66305,0.889039,5.91993,0.987948
0.257502,0.660335,0.954908,5.93495,1.00524
0.254447,0.67066,0.985201,5.92919,1.01614
0.261356,0.665028,0.903873,5.93782,1.00972
0.242979,0.668988,0.884757,5.93036,0.998783
0.249123,0.67449,0.871916,5.92865,1.0092
0.254519,0.666828,0.974069,5.91188,1.00946
0.251653,0.680655,1.02008,5.92834,0.996385
0.257699,0.662957,0.905015,5.92125,1.01231
0.252048,0.690195,0.916962,5.9312,1.02336
0.262752,0.663147,0.891193,5.92892,1.01258
0.258383,0.657667,0.9541,5.92032,1.01012
0.254506,0.673938,0.934022,5.92258,1.00629
0.259253,0.678049,0.981354,5.93366,1.00444
0.26289,0.676955,0.970198,5.92748,1.00917
0.264695,0.681872,0.913919,5.92055,1.00216
0.246773,0.684059,0.969828,5.94773,1.01243
0.253101,0.666882,0.95427,5.92534,1.00816
0.268578,0.693934,1.00818,5.92838,1.00152
0.255326,0.678725,0.993394,5.91758,0.989101
0.256684,0.658335,0.98054,5.92318,0.991526
0.252671,0.669358,0.926276,5.91937,1.0022
0.256822,0.664737,0.959616,5.93652,1.00752
0.252275,0.680942,0.969322,5.95633,1.00382
0.257109,0.663741,0.970764,5.92475,1.00826
0.251351,0.673946,0.944446,5.92011,1.00411
0.263235,0.677254,0.866173,5.93037,0.996109
0.247401,0.67567,0.81689,5.92944,0.99465
0.252358,0.679352,0.827124,5.9162,0.998619
0.25629,0.669998,0.859206,5.93104,0.99653
0.251544,0.664185,0.897246,5.9267,1.00637
0.25934,0.681335,0.940648,5.92628,0.992087
0.253026,0.671647,0.919936,5.94081,1.00193
0.259079,0.693769,0.877833,5.92265,1.01347
0.261978,0.675167,0.90776,5.94704,1.00506
0.269109,0.671715,0.922238,5.94055,1.01342
0.264135,0.684716,0.998066,5.94131,1.00245
0.244171,0.675668,0.951919,5.92997,0.997965
0.237226,0.670739,0.910815,5.92836,0.995235
0.240906,0.67439,0.920887,5.94255,1.00252
0.258707,0.660262,0.945627,5.93163,1.00842
0.245746,0.674373,1.02546,5.92375,1.02167
0.247668,0.663659,0.964285,5.92641,1.00314
0.245147,0.68236,0.802273,5.93787,1.00023
0.25177,0.6623,0.950548,5.93402,1.00789
0.259133,0.688701,0.985489,5.90378,1.00022
0.261799,0.666391,0.932163,5.92563,1.00383
0.256947,0.678562,0.926248,5.93795,1.0169
0.259046,0.656294,0.925279,5.92382,1.00208
0.254147,0.675828,0.900685,5.90559,1.01081
0.235923,0.671882,0.925484,5.93819,1.02036
0.26468,0.665474,0.939125,5.93432,0.991216
0.259874,0.658443,0.896455,5.93485,1.00631
0.268842,0.681909,0.937018,5.93267,1.00728
0.249609,0.662891,0.945963,5.92365,0.998223
0.259847,0.676038,1.00368,5.90696,1.01046
0.261684,0.67864,0.89291,5.92839,1.01823
0.251694,0.680936,0.875496,5.93026,1.00744
0.259204,0.669734,0.962816,5.9102,1.00495
0.266249,0.680409,0.974382,5.93199,0.993003
0.248351,0.667655,0.90622,5.93536,1.00773
0.26857,0.669247,0.924537,5.93359,1.01177
0.256949,0.670153,1.01023,5.94037,1.0053
0.25924,0.666023,1.04482,5.92133,1.00976
0.262314,0.680889,0.926881,5.92719,1.01817
0.261773,0.670022,0.987944,5.93289,1.01559
0.244656,0.682356,0.998664,5.92267,1.01075
0.265377,0.676196,1.03939,5.92057,1.00108
0.258823,0.668682,1.01101,5.93319,0.999041
0.246777,0.667825,0.921737,5.95521,1.00985
0.239992,0.658905,1.02011,5.94302,1.02258
0.258263,0.680296,0.896099,5.93746,1.01316
0.258947,0.67893,0.972165,5.92252,1.01637
0.261679,0.668355,0.914886,5.93588,1.00122
0.261444,0.654605,0.90024,5.91503,1.00745
0.243868,0.659174,0.939048,5.92769,1.01188
0.264243,0.673219,1.0191,5.92905,1.00747
0.26245,0.681002,0.911817,5.93085,1.00695
0.259771,0.675263,0.947208,5.92218,0.997292
0.2435,0.692629,0.882218,5.93857,1.00108
0.24864,0.672325,0.91471,5.93465,1.01452
0.258606,0.656806,0.918768,5.93624,1.01096
0.251886,0.666727,0.940748,5.92848,1.00357
0.257148,0.668552,0.879713,5.92958,0.994187
0.253009,0.664361,1.00304,5.92517,1.01525
0.255909,0.664636,0.953839,5.94188,1.00134
0.256579,0.65816,0.976371,5.92407,1.00385
0.247055,0.660608,0.92474,5.92967,0.996338
0.264086,0.66403,0.861991,5.9221,1.01881
0.24127,0.657859,0.967358,5.92774,1.01519
0.253662,0.666682,0.9243,5.92906,1.00297
0.262371,0.689833,0.963018,5.91859,0.991904
0.249963,0.665466,0.936756,5.94183,1.0113
0.254098,0.671155,0.931353,5.92634,1.00413
0.256653,0.673692,0.989169,5.94275,1.01593
0.266153,0.669925,0.915988,5.92368,1.01354
0.249028,0.657518,0.871661,5.90961,0.998837
0.255223,0.665118,0.945118,5.93942,1.02159
0.258906,0.669995,0.966287,5.92551,1.02297
0.267767,0.661659,0.92744,5.93105,1.00625
0.256877,0.654608,0.938342,5.92701,1.00649
0.242551,0.678408,0.832955,5.94058,0.999276
0.243231,0.664985,0.96996,5.93604,0.992325
0.258671,0.68074,1.01565,5.9425,1.0049
0.255711,0.671905,0.947022,5.92286,1.00006
0.249376,0.684729,0.945162,5.92481,0.995318
0.248688,0.662291,0.972913,5.92046,0.991661
0.26185,0.673332,0.881487,5.93471,1.0025
0.253673,0.665151,0.881295,5.91692,1.02676
0.259868,0.663528,0.973995,5.94147,0.984853
0.261214,0.675961,0.802079,5.92269,1.00806
0.254056,0.682489,0.973391,5.93715,0.995172
0.250011,0.659699,0.940569,5.93925,0.994401
0.262108,0.655763,0.900802,5.92395,0.998706
0.255548,0.658126,0.948252,5.93022,1.00964
0.250016,0.667165,0.940723,5.92336,0.988147
0.247541,0.676643,0.86454,5.92118,1.00266
0.261155,0.675257,1.02966,5.92886,0.998473
0.253929,0.673872,0.951904,5.91755,1.00466
0.260516,0.668637,0.926592,5.91746,1.01343
0.259525,0.672663,0.938835,5.92028,1.00304
0.258368,0.684709,0.848967,5.94158,1.00127
0.262571,0.655587,0.994153,5.92178,0.995832
0.254809,0.675063,0.9428,5.91954,0.988787
0.254333,0.672479,0.898591,5.94647,0.997345
0.266737,0.675971,1.00085,5.91857,1.00588
0.257935,0.667951,0.937568,5.95576,1.00207
0.264703,0.673276,0.964893,5.91817,1.00667
0.257169,0.660266,0.908441,5.92646,1.00017
0.259354,0.670805,1.02481,5.91712,0.995285
0.259854,0.691689,0.900103,5.91159,1.01557
0.253287,0.679834,0.872554,5.9259,0.99083
0.246248,0.679541,0.851065,5.94632,1.01005
0.237642,0.665939,0.925707,5.94065,1.00315
0.245467,0.66663,0.960604,5.942,1.00154
0.262275,0.675862,1.01027,5.93159,1.01638
0.261137,0.669321,0.932958,5.91699,1.00363
0.264652,0.683757,0.882315,5.90965,1.00027
0.251569,0.673159,0.988462,5.94125,1.008
0.24693,0.666243,0.889684,5.91687,1.01255
0.249007,0.687344,0.888096,5.93849,1.01008
0.253492,0.670027,0.856321,5.91239,1.0132
0.253821,0.676022,0.93495,5.93283,1.00295
0.250521,0.655814,0.959245,5.93724,1.0068
0.254125,0.645946,0.970389,5.94081,1.0067
0.261257,0.664248,0.95771,5.91762,1.01544
0.252371,0.674517,0.918745,5.92759,1.0111
0.247683,0.670691,0.907435,5.92964,1.00853
0.25228,0.657368,0.962727,5.94501,1.00087
0.257644,0.668265,0.90694,5.89636,0.991443
0.242939,0.653931,0.998036,5.92818,1.01904
0.259529,0.677569,0.864568,5.94089,1.00985
0.246395,0.690067,0.931024,5.92725,0.998415
0.260467,0.686529,0.893829,5.92009,0.99738
0.256762,0.673096,1.04514,5.91576,0.99451
0.257887,0.668136,0.906636,5.92307,1.0078
0.262677,0.663148,0.998938,5.92894,1.01279
0.248572,0.691638,0.945658,5.94732,1.00264
0.257135,0.675777,0.900395,5.9451,1.0059
0.267982,0.684332,0.876749,5.92999,0.998618
0.256797,0.668684,0.937142,5.94914,1.00784
0.253438,0.655895,0.925693,5.91408,1.00439
0.262537,0.658949,0.978192,5.93942,1.00623
0.241051,0.680238,0.866566,5.93822,0.998735
0.254692,0.670719,0.928623,5.94406,0.994656
0.25759,0.664411,0.920464,5.90865,1.00519
0.253346,0.671211,0.888777,5.93719,1.01486
0.258318,0.686961,0.92176,5.9252,1.01217
0.260758,0.674619,0.854924,5.9283,1.00276
0.26209,0.670337,0.95953,5.93763,1.02006
0.250387,0.676264,0.949977,5.93765,1.00501
0.24532,0.663061,0.915848,5.90867,0.999176
0.258821,0.6687,0.921808,5.92988,1.00746
0.254695,0.684895,0.92404,5.91446,0.999023
0.251942,0.68072,0.949916,5.92,1.00328
0.266214,0.670235,0.930325,5.95513,1.01301
0.253702,0.692644,0.856785,5.92746,1.00841
0.256681,0.662878,1.00215,5.91512,1.01849
0.234128,0.67071,0.984508,5.92282,1.003
0.249834,0.673365,0.908351,5.94233,0.998175
0.265683,0.683831,0.806833,5.92594,1.0203
0.254533,0.678731,0.889386,5.93086,0.996315
0.257846,0.651179,0.928755,5.90866,0.999603
0.246572,0.671297,0.967329,5.9475,1.00051
0.267311,0.686937,1.04804,5.92953,1.01169
0.25329,0.676542,0.953944,5.91536,1.01327
0.24736,0.683584,0.969368,5.9337,1.0056
0.262172,0.668616,0.873543,5.92759,1.00951
0.262328,0.677998,0.958925,5.91376,1.00517
0.263453,0.670333,0.954114,5.91125,1.00409
0.251672,0.659995,0.886874,5.93182,1.00089
0.246499,0.684798,0.91994,5.92509,0.998124
0.250779,0.669547,0.951517,5.95093,1.01492
0.243844,0.670666,0.909448,5.91169,1.0251
0.265,0.666472,0.949089,5.91521,1.01717
0.262498,0.663989,0.90519,5.91453,0.996186
0.256409,0.663662,1.02318,5.94052,1.01636
0.264004,0.678624,0.901805,5.92688,1.0032
0.250992,0.684395,0.981791,5.91502,1.0044
0.260219,0.673911,0.910135,5.90273,0.998897
0.246948,0.665679,0.934203,5.92034,1.01893
0.24393,0.664137,0.911879,5.92346,0.992121
0.264342,0.670628,0.95158,5.91194,1.01754
0.258964,0.668337,0.915192,5.90839,1.00573
0.250502,0.669747,0.904867,5.93935,1.01127
0.251487,0.677358,0.924783,5.92524,0.996427
0.248682,0.667763,0.878648,5.9467,1.00725
0.254979,0.674448,0.904856,5.92941,1.00476
0.245374,0.667013,0.939135,5.90619,0.989886
0.264514,0.666665,0.965723,5.91621,1.00813
0.257238,0.662444,0.95342,5.92872,1.00023
0.257858,0.667792,0.894745,5.93173,1.00105
0.261323,0.659146,0.887791,5.92639,1.00704
0.244556,0.655376,0.967187,5.93367,1.00303
0.260476,0.695852,0.979012,5.92902,1.01122
0.240306,0.677253,0.965629,5.93866,1.00699
0.251547,0.673815,1.0566,5.9277,1.02482
0.269894,0.679749,0.989343,5.93753,0.996283
0.244777,0.67915,0.905811,5.92564,0.996628
0.255426,0.673642,0.944035,5.91714,1.01997
0.245777,0.669794,1.03872,5.91746,1.01523
0.26148,0.678773,0.825583,5.90418,1.01901
0.239768,0.674179,0.939937,5.90165,1.01406
0.27072,0.682969,0.941434,5.90997,1.01208
0.254005,0.663562,0.871238,5.93062,1.00686
0.256877,0.687072,0.834863,5.90852,0.996874
0.242758,0.674675,0.929849,5.93406,1.00884
0.256196,0.659287,0.813455,5.92126,1.01445
0.249027,0.702326,0.969507,5.92854,1.00848
0.252888,0.661415,1.03222,5.92087,1.01641
0.262342,0.659914,0.82947,5.93639,1.00238
0.247994,0.660353,0.958637,5.92363,1.01568
0.245577,0.678784,0.962508,5.92361,1.01201
0.25288,0.666653,0.9854,5.92898,1.00144
0.25655,0.681439,0.893019,5.93365,1.01978
0.249859,0.670883,0.956877,5.9093,1.01739
0.24755,0.67073,0.987887,5.94906,1.00699
0.257346,0.661214,0.905079,5.94464,1.01541
0.258307,0.684675,0.946863,5.92184,1.00539
0.259705,0.680293,0.941564,5.93467,1.00097
0.270844,0.67141,0.927685,5.9437,1.0071
0.265843,0.668802,0.929011,5.93799,1.003
0.263396,0.661664,0.91813,5.91077,0.99989
0.257941,0.652438,0.87879,5.93746,1.01079
0.264122,0.659473,1.02206,5.89845,1.02521
0.24702,0.663286,0.926151,5.94243,1.01217
0.264749,0.6825,0.926034,5.94425,0.999349
0.25194,0.699896,0.980335,5.92311,1.01564
0.262746,0.669649,1.01874,5.91731,1.00595
0.244196,0.656454,0.989076,5.93068,1.00756
0.245334,0.67308,1.0089,5.91873,1.0172
0.244187,0.681962,1.01216,5.92785,0.995428
0.258897,0.669712,0.965247,5.92446,1.0114
0.258185,0.654816,0.985881,5.92456,1.00258
0.250223,0.672813,0.880894,5.9164,1.00033
0.265919,0.677353,0.874941,5.9314,1.00623
0.257324,0.66409,0.914605,5.9172,1.00468
0.252533,0.666597,0.966122,5.92157,0.991171
0.258208,0.689629,0.920122,5.94248,1.00229
0.260745,0.661678,0.896549,5.9361,1.01935
0.247714,0.67517,1.00347,5.93389,1.00136
0.261412,0.670002,0.959123,5.92992,0.992367
0.245909,0.668271,0.971742,5.92859,1.0115
0.251581,0.674863,0.902345,5.92976,1.00171
0.241504,0.670941,0.805329,5.94931,1.02495
0.25169,0.664886,0.925211,5.94552,1.0054
0.251268,0.695578,0.982977,5.91714,1.00673
0.261588,0.669151,0.951761,5.91267,1.02009
0.24541,0.666313,0.923162,5.92177,1.01137
0.244369,0.662974,0.903524,5.95551,0.999182
0.25289,0.663348,0.93751,5.91632,1.00426
0.257259,0.656584,0.948596,5.92229,1.00479
0.237969,0.669967,1.00251,5.9124,1.01101
0.250385,0.671896,0.986908,5.92441,1.01638
0.261501,0.682266,0.864583,5.92113,0.99536
0.258689,0.673719,0.967257,5.91741,1.00709
0.250305,0.671339,0.869756,5.91037,0.995409
0.247344,0.667917,0.963535,5.92201,1.01308
0.250899,0.665093,1.00884,5.92475,0.997183
0.264676,0.66781,0.9857,5.92363,1.00927
0.264684,0.666494,0.826693,5.9483,1.00877
0.247939,0.676398,0.96507,5.93252,1.02047
0.266181,0.669727,0.862199,5.93561,1.01115
0.254099,0.663509,0.997993,5.92638,1.01112
0.267451,0.668978,0.979344,5.94114,1.00004
0.23429,0.66314,0.896638,5.91138,1.01699
0.254069,0.660582,0.991252,5.93117,0.996169
0.256655,0.692922,0.908058,5.9441,0.994978
0.256472,0.679762,0.940114,5.92852,1.01228
0.255532,0.677949,0.927916,5.93199,1.02098
0.239894,0.666433,0.90438,5.9305,1.01586
0.250691,0.681074,0.918764,5.94304,1.00535
0.263821,0.67294,0.969783,5.94163,1.00629
0.255402,0.65969,0.948774,5.92369,0.990283
0.250241,0.667437,0.96341,5.94973,1.01318
0.244993,0.671341,0.808183,5.91813,1.00887
0.267663,0.661677,0.964173,5.92116,1.01279
0.24696,0.675039,0.84064,5.93778,1.00966
0.260054,0.657703,0.984307,5.92718,0.993702
0.259153,0.665212,0.879128,5.92357,1.00404
0.265254,0.679083,0.951956,5.92867,1.01289
0.253101,0.674384,0.959167,5.90545,1.02496
0.258779,0.661342,0.927544,5.94891,0.993311
0.249888,0.672156,1.02296,5.93221,1.02061
0.258314,0.684615,0.933554,5.93922,1.00604
0.254495,0.668518,0.905759,5.93868,1.01495
0.243096,0.665898,0.981241,5.90352,1.01166
0.254379,0.678206,0.946386,5.94283,1.01304
0.246348,0.675626,0.912114,5.9323,1.01304
0.243778,0.660179,0.906541,5.90613,0.997685
0.248729,0.680199,0.930205,5.93564,1.00556
0.254473,0.68236,0.918488,5.94095,1.00576
0.253413,0.667382,0.970391,5.92076,0.995552
0.26069,0.673535,0.917483,5.92535,1.00675
0.251936,0.682555,0.950214,5.94684,1.00448
0.246692,0.694745,0.854494,5.93331,1.00843
0.257648,0.677881,1.01718,5.92165,1.0057
0.259165,0.661401,0.862505,5.92772,1.01258
0.246,0.681969,0.964108,5.91446,1.00152
0.264601,0.66694,1.04969,5.94538,1.01096
0.243077,0.669659,0.944461,5.93417,1.00523
0.25452,0.682616,0.947701,5.94423,1.00384
0.241277,0.660187,0.874721,5.92651,1.00912
0.255085,0.673703,0.881391,5.94081,1.0006
0.267299,0.669876,0.971135,5.91982,0.997175
0.24856,0.679555,0.946241,5.93221,1.01048
0.253991,0.674097,0.955788,5.93497,1.015
0.259665,0.673252,0.952286,5.92027,1.02212
0.256056,0.679692,0.999223,5.93884,1.00072
0.253824,0.662832,0.972544,5.9268,1.01127
0.243684,0.673209,0.904395,5.93266,1.01017
0.265831,0.665777,1.0177,5.91297,1.02094
0.248643,0.657758,0.907322,5.9239,1.00602
0.254312,0.672581,0.917686,5.93443,1.00407
0.266131,0.659814,0.965273,5.92034,1.01618
0.253117,0.663728,0.902683,5.9463,1.00285
0.246136,0.672873,0.864189,5.93359,1.0072
0.25291,0.657686,0.907355,5.92928,1.01496
0.255602,0.668438,0.891452,5.91947,1.01773
0.256925,0.661696,0.99876,5.93883,1.00636
0.252729,0.680769,0.911393,5.93019,1.01535
0.252163,0.667658,1.04233,5.92496,0.995672
0.259477,0.673031,0.880407,5.91988,1.01423
0.244411,0.668423,0.987486,5.93401,1.02134
0.25633,0.678292,0.946016,5.92155,1.00398
0.251295,0.665335,0.950549,5.95394,1.00943
0.255368,0.668289,0.923483,5.91037,0.997361
0.25526,0.661641,0.87466,5.93018,1.02409
0.253582,0.68102,0.912097,5.92404,1.00449
0.258735,0.675189,0.89266,5.92504,1.00243
0.247531,0.676925,0.978956,5.93773,1.01225
0.255294,0.66521,0.902174,5.92304,1.00566
0.246746,0.680289,0.936641,5.9186,1.01209
0.255728,0.689339,0.990013,5.93337,1.00241
0.260992,0.678029,0.895059,5.93378,1.00645
0.264788,0.663911,0.992514,5.93205,0.996363
0.236207,0.675374,0.953063,5.92952,1.00367
0.244859,0.678899,0.953911,5.93307,1.01079
0.247748,0.663633,0.886001,5.94531,1.00715
0.240925,0.687158,0.937205,5.9303,1.00942
0.265157,0.670377,0.973261,5.9419,1.00455
0.252049,0.667816,0.896536,5.93535,1.01015
0.257017,0.660501,0.967701,5.9383,1.00547
0.262121,0.655662,0.871651,5.93382,1.00575
0.260336,0.67868,0.911331,5.9287,1.00692
0.254543,0.685052,0.933691,5.92878,1.01001
0.259311,0.683258,1.04085,5.91436,0.991272
0.253757,0.669776,0.972062,5.92337,1.00473
0.25787,0.675413,0.890582,5.91897,1.01803
0.258686,0.674571,0.937566,5.92227,1.00322
0.242479,0.66863,0.931302,5.9304,1.01124
0.26752,0.668032,1.001,5.93702,0.99621
0.247322,0.663854,1.01172,5.91023,1.01481
0.264672,0.666868,1.03314,5.92763,1.01878
0.262291,0.664478,0.828236,5.91012,1.01542
0.266941,0.681121,1.01632,5.92944,1.00007
0.242963,0.665696,1.01293,5.93736,0.994358
0.252948,0.667738,0.989474,5.94905,1.00522
0.235928,0.684194,0.899182,5.93783,1.006
0.257578,0.68488,0.971672,5.94319,0.999143
0.259379,0.672938,0.89866,5.92868,1.02226
0.26003,0.653334,0.911197,5.93105,1.00793
0.241701,0.680665,0.8865,5.95019,1.01504
0.265915,0.675641,0.97709,5.91921,1.00821
0.248499,0.676991,0.92966,5.94259,0.994314
0.262801,0.668168,0.934679,5.93624,1.00138
0.253916,0.675829,0.964073,5.93499,1.00349
0.251391,0.671034,0.987094,5.93131,1.00085
0.246705,0.672413,0.923412,5.92663,0.998678
0.249354,0.675525,0.902014,5.92466,1.00079
0.262196,0.673541,0.913953,5.92465,1.00825
0.26545,0.668419,0.900275,5.92478,1.0017
0.250584,0.669227,0.949745,5.94304,1.00736
0.251755,0.664649,0.910048,5.9176,1.01198
0.247574,0.670294,0.865737,5.92587,1.014
0.262052,0.682321,0.944374,5.92648,1.00983
0.255274,0.683609,0.935766,5.92268,0.999494
0.259353,0.668172,0.920205,5.91222,1.01414
0.25161,0.675634,0.911391,5.91492,1.02219
0.261609,0.68515,0.955119,5.91594,0.995731
0.260105,0.669452,0.950661,5.93605,1.01356
0.262222,0.684078,1.03297,5.93804,0.998961
0.265561,0.673039,0.961117,5.91373,1.00419
0.247864,0.666807,1.00395,5.93651,0.997267
0.26583,0.669883,0.827257,5.9309,1.00558
0.258326,0.674227,0.922571,5.92656,1.00103
0.266563,0.667846,0.970683,5.94869,0.99887
0.257796,0.668683,0.956914,5.91546,1.0159
0.248896,0.662285,0.943953,5.94745,1.00237
0.258516,0.677538,0.977661,5.92045,1.00425
0.256981,0.666153,0.842663,5.93097,1.02095
0.25985,0.655244,0.858112,5.93247,0.981134
0.263862,0.669084,1.00539,5.92732,1.00797
0.248529,0.672112,1.00682,5.92252,1.01503
0.263215,0.665017,0.944744,5.94462,1.00907
0.253929,0.665996,0.965183,5.92833,0.999041
0.258942,0.653675,0.982854,5.91733,1.01684
0.245072,0.670617,0.968481,5.90811,0.99407
0.260925,0.661222,0.85093,5.89883,1.00799
0.258902,0.65508,0.860027,5.93667,1.01195
0.262388,0.689002,0.906598,5.90507,1.00291
0.245137,0.685512,0.856935,5.94005,0.999737
0.255937,0.666659,0.93921,5.92728,1.00674
0.25933,0.656337,0.953033,5.94145,1.01144
0.266253,0.654269,0.9234,5.93288,1.00484
0.257402,0.658892,0.945564,5.92192,1.0108
0.250425,0.651153,0.92395,5.93467,1.02041
0.248293,0.655687,0.835207,5.94238,1.00606
0.250191,0.662641,0.912448,5.91501,1.00593
0.257114,0.667292,0.980178,5.92812,1.00355
0.273161,0.668557,0.918188,5.93945,0.990415
0.249694,0.668326,0.932476,5.9168,0.99702
0.253018,0.670745,0.939133,5.92784,0.983305
0.266791,0.695609,0.804768,5.92825,0.994197
0.250613,0.671849,0.953777,5.93538,1.01105
0.254155,0.670263,0.908215,5.91485,1.02433
0.259742,0.665749,0.85896,5.92078,1.00802
0.254613,0.670451,0.919722,5.92306,0.999631
0.24857,0.68567,0.928327,5.94235,1.00918
0.254596,0.662259,0.912552,5.93494,0.995653
0.251756,0.678212,0.888138,5.93929,0.982236
0.259936,0.661063,0.990874,5.92514,0.99875
0.273772,0.659785,0.974239,5.93586,0.994698
0.248262,0.670358,0.921387,5.9495,0.994818
0.252796,0.662071,0.976718,5.93428,1.01415
0.250875,0.664769,0.87541,5.91593,0.994486
0.246946,0.664519,0.943848,5.92137,1.00763
0.256771,0.674141,0.986371,5.89715,1.00721
0.254525,0.652415,0.896608,5.93814,0.98763
0.256793,0.663119,0.989998,5.92289,0.988099
0.242151,0.66334,0.969533,5.92632,1.01372
0.248621,0.69004,0.907712,5.92038,1.00943
0.252579,0.697151,0.967147,5.91933,1.00986
0.257119,0.677366,0.901164,5.9224,1.007
0.258155,0.669725,0.949197,5.93767,1.00924
0.249195,0.668275,0.985336,5.93805,1.00678
0.252932,0.664795,0.934449,5.94465,1.00369
0.258126,0.666549,0.84208,5.92974,0.998153
0.254832,0.67206,0.952935,5.9224,1.01522
0.248257,0.660841,0.93329,5.93196,0.998103
0.248644,0.656345,0.894794,5.91574,0.997639
0.254232,0.669798,0.966357,5.93324,1.00199
0.256037,0.676301,0.995735,5.91493,0.997397
0.248001,0.670441,1.05646,5.92004,1.00075
0.249518,0.669811,0.950204,5.93114,1.0154
0.269638,0.68751,0.855377,5.92462,1.01008
0.255155,0.669441,0.998371,5.92488,0.98976
0.251121,0.670607,0.999671,5.94689,1.00342
0.260443,0.659408,0.934802,5.91374,1.00561
0.253945,0.675936,0.90368,5.93131,1.0021
0.25917,0.675115,0.895853,5.9267,1.01218
0.260922,0.669745,0.914514,5.9202,1.00582
0.263739,0.68156,0.95285,5.92057,0.991639
0.257051,0.682706,0.909973,5.92119,1.00098
0.253269,0.656484,0.927416,5.94927,1.01066
0.251845,0.681313,1.0256,5.93973,1.01758
0.245605,0.651092,0.961988,5.92572,1.00719
0.250235,0.66795,0.978592,5.92556,1.01064
0.257156,0.66002,0.929838,5.93836,1.01065
0.24642,0.663485,0.904868,5.93141,1.01647
0.255694,0.674516,0.871302,5.926,1.00121
0.254528,0.696414,1.01037,5.94234,1.01226
0.251855,0.660694,0.925981,5.91835,1.0133
0.244965,0.659899,0.9605,5.92991,1.01318
0.254119,0.657382,0.946953,5.91515,1.00461
0.248034,0.67217,0.876519,5.92488,0.992904
0.242518,0.669422,0.836425,5.92514,1.01099
0.253349,0.678953,0.968286,5.92489,1.00295
0.26077,0.666612,0.96373,5.92133,1.00014
0.25889,0.664498,0.913815,5.90768,0.998015
0.260882,0.657312,0.848186,5.91235,1.00937
0.261224,0.681232,0.897397,5.91827,0.995702
0.242496,0.668512,0.873751,5.92038,1.01092
0.260823,0.666592,0.957118,5.93144,0.994065
0.262504,0.660779,0.944073,5.92206,1.00863
0.272099,0.668254,0.924736,5.92412,0.989071
0.26068,0.667357,0.922437,5.9289,0.998395
0.256188,0.662016,0.901314,5.91279,1.00313
0.262976,0.650904,0.966857,5.94132,1.00644
0.247443,0.665958,0.835091,5.94304,1.00498
0.244121,0.671489,0.948285,5.94322,0.989885
0.250617,0.664964,1.00178,5.93113,0.99844
0.26845,0.670861,0.836187,5.92246,1.01063
0.242287,0.680105,0.946811,5.93409,1.00725
0.249149,0.675278,0.991227,5.91134,0.996453
0.256914,0.691813,0.940381,5.91725,1.00707
0.261386,0.6614,0.991567,5.94349,1.02108
0.255627,0.67574,0.939798,5.92354,0.998287
0.251276,0.680756,0.869713,5.91775,1.00902
0.267873,0.664303,0.890658,5.93499,1.00124
0.254644,0.687023,0.860995,5.93896,1.01091
0.246069,0.660133,0.903919,5.9194,1.00168
0.25246,0.666298,0.868432,5.91656,0.998631
0.247915,0.67146,0.959346,5.92501,1.0034
0.247689,0.674411,0.860991,5.93261,0.996681
0.255005,0.676463,0.907812,5.93498,1.02897
0.251425,0.663428,0.8935,5.92335,1.01018
0.260345,0.681387,0.835183,5.92203,1.00619
0.25797,0.667781,0.88955,5.9239,1.00773
0.259308,0.671575,0.977577,5.91934,1.01572
0.254231,0.664806,0.914519,5.94188,0.996576
0.252048,0.675005,1.03932,5.92418,1.00043
0.256267,0.673329,0.926779,5.93049,1.00386
0.251691,0.662191,0.887764,5.936,0.999573
0.255741,0.66777,0.906914,5.93245,1.00364
0.251993,0.676301,0.927823,5.92999,1.00869
0.256853,0.667603,1.053,5.92109,0.999433
0.251288,0.678662,1.01186,5.92564,1.00704
0.251371,0.673926,0.973501,5.90745,1.00533
0.264435,0.668315,0.904321,5.92547,0.998861
0.259652,0.654597,0.831483,5.93472,1.00078
0.254299,0.700694,0.919056,5.91482,1.00934
0.258358,0.695688,0.936459,5.93127,0.999515
0.259083,0.67296,0.939494,5.93803,1.00962
0.260131,0.655718,0.933583,5.92434,1.0066
0.2555,0.675004,1.00324,5.95741,1.00308
0.261455,0.675667,0.910402,5.92712,0.987494
0.258725,0.665016,0.889313,5.92402,0.997455
0.248786,0.678955,0.982756,5.91763,1.01331
0.244506,0.683779,0.941835,5.92749,1.00412
0.24743,0.683825,0.895476,5.92508,1.00661
0.253534,0.673394,0.978601,5.93748,1.00334
0.255544,0.667746,0.959349,5.91475,1.01276
0.257482,0.665435,0.932043,5.93197,1.01018
0.237935,0.679162,0.910065,5.91911,1.00574
0.249149,0.669586,0.927584,5.93843,1.01484
0.263806,0.669572,0.993463,5.91301,1.01237
0.246366,0.66813,1.01975,5.92225,0.994874
0.250596,0.678013,0.98303,5.93482,1.00478
0.251109,0.667185,1.0046,5.93319,1.00223
0.255496,0.665347,0.981367,5.91026,1.01508
0.2567,0.678131,0.962522,5.93886,0.990014
0.243571,0.681083,0.965216,5.92883,1.00622
0.254787,0.670054,0.884619,5.91967,1.0011
0.249855,0.67874,0.94047,5.92131,1.00494
0.272701,0.680302,0.943812,5.9147,1.01525
0.255905,0.67353,0.858868,5.94839,1.00439
0.253244,0.674698,0.993466,5.92972,1.00298
0.264832,0.674263,0.915451,5.92545,1.01763
0.2454,0.673761,1.00645,5.92353,1.02346
0.249449,0.665069,0.907854,5.92366,1.00679
0.251691,0.687531,1.02028,5.93856,1.00601
0.264775,0.66826,0.97296,5.94103,1.01686
0.256817,0.687275,0.881935,5.94621,1.0159
0.261711,0.66813,0.898928,5.93466,1.01481
0.255908,0.661423,0.958434,5.92534,1.00799
0.261301,0.674245,0.785524,5.94675,0.997953
0.262393,0.675537,0.866093,5.95566,1.00426
0.257941,0.670878,0.816623,5.93148,1.00711
0.252745,0.6647,0.965669,5.94697,1.01098
0.266591,0.670878,0.920685,5.9149,0.996115
0.260353,0.666056,0.963483,5.9396,1.00182
0.240692,0.675738,0.947907,5.9124,1.00117
0.256539,0.661204,0.899239,5.93406,1.00182
0.258581,0.665666,0.911882,5.92608,1.00563
0.241851,0.679022,0.862772,5.92652,0.990737
0.258105,0.669218,0.908793,5.94126,0.999615
0.248899,0.689748,1.05965,5.9363,1.00614
0.254559,0.667206,1.00287,5.9217,0.996812
0.248267,0.679903,0.971605,5.92219,1.01186
0.258962,0.664493,0.867754,5.93507,1.0034
0.242206,0.663306,0.958672,5.93324,1.00471
0.261032,0.658502,1.029,5.91414,1.00472
0.251303,0.671822,0.929917,5.94084,1.0035
0.257412,0.679367,0.880763,5.92492,1.00824
0.260815,0.670637,1.04663,5.92418,0.99581
0.248366,0.671061,0.935979,5.91267,0.996873
0.2534,0.666965,0.915624,5.9506,1.00489
0.276912,0.677342,1.00098,5.9321,1.01922
0.253954,0.689806,0.977817,5.92589,1.00549
0.253876,0.691402,0.913456,5.94726,1.00627
0.267599,0.694747,0.936207,5.9354,1.01176
0.248803,0.660989,0.956887,5.92881,1.00926
0.255693,0.683557,0.956719,5.91837,1.00816
0.265214,0.666509,1.00073,5.92298,1.01809
0.240106,0.66474,0.955213,5.93455,1.00652
0.261481,0.672286,0.885759,5.91415,1.00461
0.26232,0.655592,0.880934,5.9211,1.00107
0.252225,0.680937,0.96362,5.93717,1.00402
0.257866,0.668022,0.939152,5.91704,1.00714
0.26151,0.666102,0.974829,5.93543,1.00779
0.263139,0.688218,0.807288,5.94256,0.994728
0.257559,0.67152,0.920585,5.92908,0.997355
0.250017,0.658553,0.928672,5.94848,1.0082
0.242946,0.670815,0.939953,5.93091,1.00482
0.260232,0.680978,0.915756,5.95576,1.00545
0.252459,0.661854,0.946697,5.92992,1.02096
0.251769,0.683296,0.907802,5.94621,1.01643
0.251615,0.665989,0.906975,5.93102,1.0044
0.259032,0.674515,0.968415,5.93004,1.01144
0.242273,0.663525,0.955004,5.92238,0.997936
0.26137,0.665213,1.01764,5.93709,0.998122
0.253314,0.67567,0.92884,5.94264,1.00271
0.266266,0.66646,1.00681,5.90278,1.00828
0.247809,0.683304,0.906276,5.9322,1.01176
0.267927,0.662871,0.95867,5.95647,1.0035
0.253687,0.657817,1.01086,5.9234,1.00484
0.245986,0.672676,0.921495,5.92751,1.00147
0.2525,0.681992,0.960791,5.92774,1.01567
0.249963,0.669643,0.886357,5.91595,1.00722
0.254922,0.67466,0.884784,5.92392,1.01574
0.25509,0.692724,0.97379,5.92346,1.00387
0.259412,0.662291,0.983358,5.9238,1.02334
0.272241,0.672097,0.928413,5.91658,1.00497
0.244379,0.690278,0.920668,5.9272,0.997128
0.259146,0.683605,1.01332,5.93224,1.02061
0.263788,0.664409,0.91426,5.93098,1.00963
0.248178,0.689403,0.960426,5.94741,0.998775
0.251726,0.676634,1.01417,5.93433,1.0059
0.25031,0.687271,0.935412,5.91724,1.00967
0.243185,0.697198,0.944577,5.94167,1.01742
0.238135,0.669457,0.916931,5.93441,0.998943
0.251168,0.658135,0.963711,5.93867,1.0099
0.25625,0.674256,0.946796,5.93253,1.01396
0.252367,0.65756,0.976793,5.92379,1.00323
0.256102,0.687365,0.88646,5.9296,1.00502
0.250516,0.662364,0.903622,5.91333,1.01142
0.241394,0.673448,1.04868,5.93023,1.00466
0.273156,0.656009,1.00391,5.92377,1.00802
0.269519,0.665783,0.925672,5.92182,1.01102
0.262142,0.675373,0.927963,5.93259,0.997273
0.251802,0.680341,0.866917,5.93004,1.01004
0.248434,0.673617,0.884036,5.92687,1.00139
0.263358,0.664853,0.912191,5.93928,1.0151
0.253492,0.670168,0.947949,5.92258,1.01
0.256905,0.676135,0.923986,5.94008,1.00841
0.26143,0.681157,1.00287,5.92506,1.0044
0.244385,0.655557,0.918652,5.92645,1.00826
0.25389,0.673482,0.945525,5.92976,1.00693
0.248481,0.671349,0.936628,5.9267,1.00463
0.242437,0.670827,0.977692,5.94012,1.00615
0.259538,0.674395,0.927804,5.92912,1.00332
0.251954,0.660196,0.995215,5.92911,1.01353
0.256105,0.652972,0.948289,5.92732,1.01072
0.255441,0.669295,0.978191,5.93647,1.02067
0.253661,0.654246,0.909272,5.94853,1.02025
0.260547,0.662902,0.874265,5.93109,1.00746
0.254463,0.673514,0.86268,5.92478,1.00409
0.261335,0.667718,0.924686,5.93869,1.0038
0.249663,0.661221,1.02407,5.94097,1.01357
0.256479,0.682394,0.976657,5.92779,0.997062
0.251489,0.68492,0.863093,5.91952,1.01098
0.25684,0.669265,0.887527,5.93616,1.00042
0.257281,0.675234,0.949826,5.9418,1.00446
0.251015,0.668235,0.987423,5.92106,0.997847
0.249944,0.677977,1.04206,5.92863,0.99524
0.261721,0.674451,0.898528,5.93223,1.0084
0.261866,0.680108,0.894277,5.93036,1.01472
0.258257,0.663028,0.902325,5.93449,0.988868
0.258535,0.676912,0.895002,5.91729,1.01958
0.249121,0.664076,0.990732,5.93507,1.01322
0.254183,0.671799,0.969059,5.908,1.00855
0.260396,0.674849,0.922798,5.91304,1.00222
0.256958,0.674882,1.01217,5.92626,1.01128
0.24123,0.677279,0.902547,5.93277,1.00913
0.2407,0.656111,0.84374,5.9498,1.01483
0.251218,0.671149,0.973292,5.94291,0.997414
0.265108,0.669337,1.08748,5.94458,0.997061
0.257527,0.66848,0.934842,5.93429,1.00739
0.260773,0.661581,0.927174,5.90878,1.00851
0.256735,0.662731,0.89085,5.93722,1.00325
0.255412,0.66748,0.913051,5.94522,1.01179
0.259137,0.669296,0.906415,5.93854,1.01057
0.255633,0.686371,0.868344,5.917,1.01793
0.258483,0.664724,0.890697,5.93189,1.01059
0.253424,0.680926,0.871264,5.92441,0.993689
0.263361,0.663349,0.910039,5.93624,1.01726
0.253975,0.669692,0.903776,5.91778,1.01078
0.265073,0.679595,0.890998,5.92846,1.00763
0.256498,0.667953,0.919568,5.92149,1.01238
0.249066,0.667979,0.945771,5.93306,1.00444
0.25621,0.663352,0.92294,5.92968,0.994344
0.26066,0.663577,0.973104,5.94377,0.997505
0.241542,0.67121,0.871153,5.9121,1.00167
0.25633,0.70113,0.791136,5.92045,1.00785
0.259983,0.661175,0.819747,5.92911,0.999766
0.243807,0.66307,0.935266,5.94845,0.99842
0.248613,0.671538,0.955631,5.93165,0.9902
0.252305,0.670214,0.990133,5.93721,0.99872
0.258551,0.681445,0.92865,5.92901,1.00443
0.256709,0.675286,0.900469,5.92345,0.993417
0.254671,0.671571,0.88491,5.93194,1.00523
0.254054,0.677933,1.01282,5.93427,1.00803
0.232671,0.671479,0.830449,5.9189,0.999834
0.257528,0.685423,0.894428,5.92969,1.00689
0.265982,0.667888,0.921789,5.93454,1.02397
0.254384,0.684257,0.998188,5.91422,1.00622
0.245389,0.678292,0.883376,5.92199,1.00778
0.24885,0.666499,0.912725,5.91843,0.996402
0.2663,0.667012,0.918075,5.92358,1.0028
0.241728,0.662572,0.886843,5.90854,1.0085
0.253602,0.665266,0.912811,5.93135,1.00879
0.253553,0.680132,0.926625,5.92697,1.00104
0.260766,0.661544,0.866104,5.92293,1.01387
0.254748,0.656065,0.966342,5.92942,1.01906
0.237636,0.671934,0.847092,5.92253,1.02144
0.254582,0.66197,0.872782,5.93785,0.995365
0.249645,0.671906,0.961761,5.9395,1.00731
0.250325,0.653478,0.981187,5.93118,1.01077
0.252243,0.666569,0.832628,5.94345,1.00085
0.255414,0.664215,1.02242,5.95551,1.00557
0.251007,0.66123,0.778732,5.92858,1.02058
0.257735,0.680898,0.95287,5.92575,1.0134
0.255457,0.675872,0.904812,5.94254,1.01533
0.25646,0.670033,0.928811,5.92513,0.998593
0.254247,0.664581,0.958911,5.93145,1.0169
0.264843,0.67958,0.921434,5.94758,1.01815
0.256518,0.680762,0.933775,5.92057,1.01374
0.256479,0.654865,0.986449,5.9227,0.999183
0.255714,0.666957,0.870254,5.93902,0.993906
0.255257,0.668614,0.899585,5.89893,0.994612
0.2459,0.675093,1.00486,5.93076,1.00603
0.260023,0.66461,0.928173,5.92801,0.999927
0.25759,0.663791,1.00096,5.92463,1.00491
0.253697,0.66778,0.965792,5.91759,1.01254
0.261152,0.668388,0.916708,5.91421,1.00101
0.251627,0.680971,0.925016,5.91826,1.00606
0.254036,0.675687,0.898915,5.93282,1.00337
0.248282,0.678188,0.932258,5.91188,1.01451
0.250692,0.691634,0.885994,5.92072,1.00864
0.258711,0.695204,1.0147,5.91724,1.01312
0.262272,0.665239,0.912606,5.93435,1.00124
0.245619,0.666481,1.01851,5.9103,0.99412
0.259506,0.677705,1.06061,5.91444,1.02218
0.259489,0.673704,0.870152,5.92495,1.01356
0.254277,0.680849,0.942204,5.95373,1.00066
0.255538,0.685991,1.02021,5.92741,0.998371
0.263659,0.660857,0.998141,5.90912,1.01251
0.260606,0.686486,0.987319,5.93365,1.00813
0.253535,0.667933,0.935429,5.91215,0.991283
0.270776,0.67144,0.91991,5.93288,1.00706
0.258921,0.672601,0.946137,5.9469,1.01153
0.261916,0.680797,0.863783,5.91207,1.02379
0.244688,0.679651,0.911484,5.91893,1.01889
0.250019,0.675346,0.945177,5.92717,0.99504
0.253343,0.673859,1.00313,5.92063,1.01934
0.252589,0.677188,1.01496,5.92999,1.01885
0.267654,0.67752,0.910198,5.90999,1.00141
0.254328,0.671592,0.903345,5.92408,0.992924
0.26194,0.669589,0.972453,5.93886,1.00038
0.251549,0.675266,1.0243,5.9465,0.990434
0.244065,0.669248,0.946659,5.91931,1.01043
0.266342,0.683858,1.02513,5.93649,1.01165
0.265677,0.670264,0.836275,5.92372,1.00569
0.257413,0.659647,0.904936,5.91179,1.00552
0.258913,0.669259,0.935711,5.9254,1.01455
0.24894,0.656957,0.901277,5.92144,0.999339
0.252476,0.68195,0.956299,5.93326,0.998251
0.26142,0.680858,0.927302,5.92256,0.994674
0.255318,0.677219,0.941374,5.91875,1.00687
0.258069,0.6661,0.919686,5.92566,1.00864
0.265691,0.668062,0.931494,5.94092,1.00903
0.260308,0.677208,0.924636,5.92197,1.00114
0.258061,0.672935,0.883586,5.91581,1.00106
0.250642,0.668828,0.947704,5.9265,0.998681
0.263216,0.660928,0.971998,5.92885,0.996427
0.269276,0.666306,0.883896,5.93516,1.00548
0.256131,0.680426,0.997103,5.92898,0.997839
0.263714,0.659621,1.02778,5.94941,0.988229
0.261852,0.663904,0.886092,5.9206,0.998423
0.243633,0.666125,0.883875,5.92451,1.0079
0.256832,0.66941,0.933148,5.95421,0.993923
0.262908,0.665509,0.970781,5.89932,1.0101
0.246467,0.659364,1.02104,5.92597,0.99599
0.253012,0.67063,0.876804,5.91624,0.998536
0.259511,0.66862,0.906398,5.91316,1.00063
0.262142,0.673997,0.868311,5.93762,0.999746
0.243521,0.683716,0.964912,5.9366,0.99952
0.252188,0.672234,0.930588,5.92286,1.01422
0.25423,0.662493,0.951065,5.92183,1.0024
0.264655,0.685948,0.960042,5.90457,0.999806
0.263481,0.666367,0.894359,5.91754,0.993446
0.254833,0.673569,0.997529,5.93097,1.0001
0.247726,0.659612,0.937081,5.92193,1.00553
0.25786,0.681574,0.98441,5.94582,1.00614
0.262342,0.671262,0.862877,5.93251,1.01138
0.25909,0.683949,0.886202,5.91384,0.994259
0.249435,0.675404,0.964355,5.9285,1.00061
0.263681,0.674461,0.943235,5.91596,1.01073
0.248104,0.664521,1.01523,5.91268,0.996492
0.247168,0.659292,0.937789,5.93409,1.01492
0.256037,0.660244,1.06693,5.91644,0.998492
0.255746,0.649709,0.91151,5.91351,1.00205
0.252083,0.65586,0.988466,5.91568,1.01096
0.264797,0.662969,0.918048,5.91623,0.995722
0.274998,0.664783,1.00261,5.9367,1.01
0.252483,0.682542,0.976735,5.92883,0.999913
0.269378,0.678227,0.996425,5.94144,0.998987
0.264304,0.675617,0.934232,5.90445,1.00605
0.256314,0.671204,0.930541,5.93156,1.01278
0.250698,0.662359,0.883836,5.90602,0.990727
0.257953,0.680823,0.924061,5.91467,1.00723
0.250975,0.655756,0.864048,5.90691,1.01163
0.255763,0.68888,0.925737,5.92429,1.00803
0.256063,0.673173,0.950753,5.93646,1.00232
0.254016,0.656197,0.997147,5.92911,1.01983
0.257119,0.664089,0.94524,5.94954,1.00716
0.247468,0.675894,0.996531,5.9305,1.00099
0.259172,0.666221,0.852326,5.91967,1.00851
0.24305,0.668034,0.936642,5.92152,0.998628
0.259562,0.680441,0.860768,5.91222,1.01059
0.256457,0.666399,0.883801,5.91725,1.0116
0.248198,0.671379,0.962896,5.93374,1.00571
0.253485,0.664468,0.982412,5.92003,1.01785
0.252778,0.664369,0.892967,5.9214,0.998282
0.256267,0.666954,0.943514,5.94646,1.00732
0.249274,0.669885,0.907364,5.93049,0.998029
0.263227,0.67203,0.847772,5.92398,1.00214
0.268169,0.674625,0.914098,5.93445,1.00774
0.265521,0.678324,0.973007,5.93171,0.999508
0.246936,0.679674,0.980913,5.92416,1.00509
0.255538,0.684481,0.929592,5.92206,1.00346
0.261307,0.667396,0.980492,5.9055,0.994811
0.262311,0.670476,0.90865,5.91713,1.01172
0.263259,0.684036,0.92717,5.92978,0.991855
0.261402,0.669403,0.933921,5.93655,0.999426
0.258819,0.691689,1.01524,5.93378,0.995548
0.248749,0.668949,0.884852,5.93636,1.00894
0.256981,0.671975,0.957817,5.92714,1.00185
0.252346,0.66394,0.903372,5.93516,1.00512
0.260487,0.68839,0.934186,5.91556,1.01028
0.23905,0.679402,0.877266,5.9359,1.00503
0.253055,0.682256,0.876908,5.90881,1.00731
0.245655,0.668894,0.915901,5.91617,1.02164
0.243771,0.671381,0.921911,5.91975,1.00932
0.250704,0.671261,0.856494,5.92273,1.00235
0.24812,0.667723,0.920757,5.93693,1.01275
0.265022,0.690861,0.803489,5.92143,1.00169
0.256979,0.682241,0.949282,5.93591,0.996569
0.253434,0.670898,0.880585,5.93367,1.01143
0.253991,0.67224,0.93244,5.93776,1.01132
0.262222,0.666395,0.891175,5.92161,1.00004
0.257359,0.674374,0.948764,5.92427,1.00963
0.252504,0.675033,0.853722,5.91749,1.00608
0.248189,0.663981,0.919913,5.94157,1.00125
0.267875,0.672792,0.949971,5.91924,1.01492
0.253813,0.672977,0.926089,5.93636,1.00567
0.251884,0.665351,0.885541,5.93244,1.01135
0.254656,0.659155,0.928283,5.92921,1.00319
0.25632,0.661185,0.949602,5.92863,1.00807
0.252558,0.678337,0.860428,5.92018,0.99178
0.265085,0.669918,0.919317,5.92784,1.00511
0.259737,0.671216,0.91201,5.94283,1.00125
0.261313,0.664519,0.945725,5.93433,1.00079
0.257158,0.680004,1.01778,5.91601,1.00676
0.254442,0.676222,1.0559,5.91309,0.996687
0.260708,0.671752,0.922159,5.93486,1.00177
0.24238,0.675739,0.938073,5.92965,0.999945
0.257179,0.671468,0.90344,5.92903,1.0123
0.260051,0.693108,0.911799,5.91678,1.00251
0.261529,0.682128,0.888185,5.92343,1.01232
0.251501,0.665588,0.82796,5.92661,0.989971
0.276767,0.680328,0.951087,5.93746,1.01569
0.268988,0.664716,0.929686,5.92799,1.00827
0.254441,0.674314,1.00041,5.92416,1.0085
0.263141,0.666656,0.973345,5.95367,1.01987
0.25619,0.676242,0.981101,5.9231,1.0112
0.258618,0.661459,0.896059,5.91383,1.00965
0.255942,0.653309,0.960144,5.92413,1.01043
0.257724,0.687396,0.90729,5.93361,0.998193
0.25386,0.656689,0.97928,5.93121,0.999029
0.253774,0.675017,0.911103,5.90712,0.998931
0.242363,0.689152,0.977072,5.91827,1.00387
0.257293,0.662387,0.868601,5.92013,0.989687
0.25452,0.667665,0.94728,5.94434,1.00483
0.25527,0.666111,1.09383,5.93647,1.00032
0.260429,0.678712,0.941295,5.93116,1.01039
0.248832,0.666888,0.889559,5.89714,1.00734
0.262769,0.664567,0.953702,5.9345,1.00097
0.255895,0.677333,0.972512,5.93098,1.00301
0.255761,0.673464,0.872515,5.91514,1.0084
0.253652,0.659999,0.82973,5.92557,1.01271
0.247319,0.690623,0.88772,5.92724,1.01078
0.251146,0.688525,0.928001,5.91562,1.0059
0.2386,0.660616,0.936309,5.91541,1.0004
0.256429,0.681678,0.956961,5.9159,1.01068
0.263858,0.668187,0.986041,5.92461,1.0008
0.261073,0.671611,0.989776,5.91598,0.990773
0.261534,0.683867,0.945274,5.93153,1.00148
0.249003,0.659085,0.980676,5.93731,0.999624
0.253385,0.667625,0.799247,5.9322,1.00285
0.250703,0.668448,0.931367,5.93745,1.00376
0.25816,0.692117,1.05423,5.95009,1.01736
0.260183,0.656971,0.95009,5.93622,1.0113
0.232024,0.664596,0.951931,5.92527,1.00982
0.25348,0.678605,0.884337,5.93046,1.00859
0.258532,0.668834,0.979667,5.9259,0.997852
0.24669,0.657053,0.898183,5.90549,1.0029
0.252956,0.681845,1.00415,5.94607,1.01168
0.257291,0.67526,0.944099,5.94256,1.01116
0.254935,0.654351,0.853132,5.91511,1.00914
0.255553,0.660445,0.967383,5.93455,1.00877
0.247179,0.647379,0.919126,5.91936,0.999512
0.257381,0.669197,0.962481,5.94141,1.01071
0.254256,0.669695,1.00432,5.94003,1.00616
0.25805,0.684908,0.939427,5.90359,0.988465
0.241672,0.672923,0.903593,5.93637,0.998506
0.266872,0.668963,0.877658,5.9256,1.00879
0.254683,0.669634,0.855288,5.94768,1.00127
0.260704,0.669456,0.967752,5.93409,1.00813
0.260861,0.679813,0.985294,5.90766,1.00651
0.245415,0.661521,0.975049,5.92253,0.998693
0.242557,0.67739,0.866783,5.93018,0.993196
0.261224,0.681454,0.950847,5.93939,0.997578
0.260128,0.672336,0.910085,5.92877,1.00732
0.249359,0.664604,0.964615,5.94682,1.01149
0.24351,0.665094,0.815185,5.94193,1.00617
0.255811,0.675935,1.03392,5.92395,0.990749
0.26211,0.671616,1.017,5.92242,1.00342
0.263792,0.676991,0.91927,5.94198,1.00806
0.256445,0.67436,0.90697,5.92837,0.993481
0.247313,0.679394,0.89539,5.91814,1.00433
0.255058,0.678185,0.880293,5.93786,1.01432
0.254101,0.675936,1.01819,5.93247,1.00347
0.26374,0.66492,0.921225,5.9097,1.01352
0.251942,0.656617,0.837883,5.94962,1.00692
0.258753,0.681936,0.980768,5.93034,1.01421
0.247834,0.653215,0.965839,5.92991,1.01899
0.241229,0.685184,0.939033,5.94087,0.997245
0.261389,0.683026,0.862696,5.92557,1.00769
0.251381,0.665319,0.926753,5.8992,0.99719
0.265525,0.677941,0.872344,5.94399,1.00833
0.255898,0.686644,0.963708,5.94364,1.00289
0.245109,0.675291,0.877437,5.93555,1.01862
0.257205,0.662666,0.932094,5.93509,1.00089
0.252052,0.681373,0.98536,5.9197,1.00228
